id,order_id,reason,returned_at
1,19,Hàng giao bị trầy xước,2024-07-09 00:00:00
2,34,Thay đổi quyết định mua hàng,2024-09-24 00:00:00
3,50,Sản phẩm bị lỗi kỹ thuật,2024-12-26 23:59:59
4,62,Chất lượng không như mong đợi,2024-11-18 00:00:00
5,73,Thay đổi quyết định mua hàng,2023-11-22 00:00:00
6,117,Sản phẩm không tương thích,2023-09-15 00:00:00
7,130,Sản phẩm không đúng màu sắc,2024-05-20 00:00:00
8,155,Sản phẩm bị lỗi kỹ thuật,2024-12-03 00:00:00
9,164,Sản phẩm bị lỗi kỹ thuật,2024-11-16 00:00:00
10,168,Đặt nhầm sản phẩm,2024-05-19 00:00:00
11,169,Không đúng mô tả,2024-09-07 00:00:00
12,170,Sản phẩm bị lỗi kỹ thuật,2024-12-29 23:59:59
13,189,Thay đổi quyết định mua hàng,2024-05-02 00:00:00
14,191,Đặt nhầm sản phẩm,2024-12-24 00:00:00
15,225,Thay đổi quyết định mua hàng,2023-08-26 00:00:00
16,260,Sản phẩm bị lỗi kỹ thuật,2024-06-26 00:00:00
17,265,Không đúng mô tả,2023-06-22 00:00:00
18,288,Sản phẩm không đúng màu sắc,2023-04-29 00:00:00
19,323,Sản phẩm bị lỗi kỹ thuật,2024-08-06 00:00:00
20,326,Hàng giao bị trầy xước,2023-04-06 00:00:00
21,340,Không đúng mô tả,2024-06-21 00:00:00
22,346,Đặt nhầm sản phẩm,2024-05-15 00:00:00
23,361,Sản phẩm bị lỗi kỹ thuật,2023-10-31 00:00:00
24,369,Không đúng mô tả,2024-10-31 00:00:00
25,373,Hàng giao bị trầy xước,2024-11-30 00:00:00
26,431,Sản phẩm không đúng màu sắc,2024-01-05 00:00:00
27,448,Không đúng mô tả,2023-08-12 00:00:00
28,464,Sản phẩm không tương thích,2023-07-16 00:00:00
29,473,Đặt nhầm sản phẩm,2024-12-20 00:00:00
30,482,Đặt nhầm sản phẩm,2024-12-20 00:00:00
31,486,Thay đổi quyết định mua hàng,2024-11-25 00:00:00
32,500,Sản phẩm không tương thích,2024-12-28 23:59:59
33,527,Chất lượng không như mong đợi,2024-04-28 00:00:00
34,565,Sản phẩm không tương thích,2024-04-14 00:00:00
35,581,Đặt nhầm sản phẩm,2024-12-27 23:59:59
36,606,Sản phẩm bị lỗi kỹ thuật,2023-08-21 00:00:00
37,618,Thay đổi quyết định mua hàng,2024-12-25 00:00:00
38,635,Không đúng mô tả,2024-01-01 00:00:00
39,646,Hàng giao bị trầy xước,2024-11-19 00:00:00
40,665,Chất lượng không như mong đợi,2023-06-19 00:00:00
41,694,Sản phẩm không đúng màu sắc,2024-05-05 00:00:00
42,711,Hàng giao bị trầy xước,2024-11-17 00:00:00
43,714,Hàng giao bị trầy xước,2023-05-12 00:00:00
44,716,Thay đổi quyết định mua hàng,2023-12-18 00:00:00
45,720,Không đúng mô tả,2023-05-26 00:00:00
46,748,Sản phẩm bị lỗi kỹ thuật,2024-07-03 00:00:00
47,753,Sản phẩm bị lỗi kỹ thuật,2024-09-24 00:00:00
48,754,Sản phẩm không tương thích,2024-11-19 00:00:00
49,788,Thay đổi quyết định mua hàng,2024-10-08 00:00:00
50,800,Sản phẩm không đúng màu sắc,2024-04-10 00:00:00
51,806,Đặt nhầm sản phẩm,2024-12-28 23:59:59
52,810,Chất lượng không như mong đợi,2024-01-04 00:00:00
53,819,Sản phẩm không đúng màu sắc,2024-12-26 00:00:00
54,829,Sản phẩm không đúng màu sắc,2023-11-14 00:00:00
55,838,Chất lượng không như mong đợi,2024-12-28 23:59:59
56,857,Sản phẩm không tương thích,2023-10-10 00:00:00
57,887,Sản phẩm bị lỗi kỹ thuật,2024-02-17 00:00:00
58,895,Hàng giao bị trầy xước,2024-01-09 00:00:00
59,908,Sản phẩm bị lỗi kỹ thuật,2023-11-05 00:00:00
60,917,Sản phẩm không tương thích,2024-01-24 00:00:00
61,921,Chất lượng không như mong đợi,2024-12-28 23:59:59
62,930,Chất lượng không như mong đợi,2024-12-08 00:00:00
63,936,Sản phẩm bị lỗi kỹ thuật,2024-11-08 00:00:00
64,939,Sản phẩm không tương thích,2024-05-23 00:00:00
65,951,Thay đổi quyết định mua hàng,2023-09-09 00:00:00
66,961,Sản phẩm không tương thích,2024-01-08 00:00:00
67,988,Sản phẩm không tương thích,2024-04-08 00:00:00
68,1010,Hàng giao bị trầy xước,2024-05-21 00:00:00
69,1018,Sản phẩm không đúng màu sắc,2024-01-06 00:00:00
70,1021,Chất lượng không như mong đợi,2024-12-28 23:59:59
71,1023,Sản phẩm không tương thích,2024-11-14 00:00:00
72,1026,Đặt nhầm sản phẩm,2023-10-03 00:00:00
73,1040,Thay đổi quyết định mua hàng,2023-05-14 00:00:00
74,1041,Chất lượng không như mong đợi,2023-08-21 00:00:00
75,1060,Thay đổi quyết định mua hàng,2024-12-28 23:59:59
76,1068,Hàng giao bị trầy xước,2024-04-26 00:00:00
77,1073,Sản phẩm không đúng màu sắc,2023-06-03 00:00:00
78,1075,Sản phẩm không tương thích,2023-11-22 00:00:00
79,1116,Đặt nhầm sản phẩm,2024-02-26 00:00:00
80,1127,Đặt nhầm sản phẩm,2024-12-30 00:00:00
81,1164,Đặt nhầm sản phẩm,2024-04-04 00:00:00
82,1166,Đặt nhầm sản phẩm,2024-08-13 00:00:00
83,1176,Thay đổi quyết định mua hàng,2024-06-15 00:00:00
84,1186,Đặt nhầm sản phẩm,2023-10-06 00:00:00
85,1192,Thay đổi quyết định mua hàng,2023-10-17 00:00:00
86,1223,Không đúng mô tả,2023-03-12 00:00:00
87,1227,Sản phẩm không đúng màu sắc,2024-08-08 00:00:00
88,1235,Đặt nhầm sản phẩm,2024-01-16 00:00:00
89,1238,Sản phẩm bị lỗi kỹ thuật,2024-10-20 00:00:00
90,1250,Chất lượng không như mong đợi,2023-08-23 00:00:00
91,1268,Sản phẩm không đúng màu sắc,2023-07-23 00:00:00
92,1271,Đặt nhầm sản phẩm,2024-04-16 00:00:00
93,1300,Chất lượng không như mong đợi,2024-02-18 00:00:00
94,1303,Chất lượng không như mong đợi,2024-07-13 00:00:00
95,1315,Chất lượng không như mong đợi,2024-05-05 00:00:00
96,1320,Sản phẩm không đúng màu sắc,2024-02-25 00:00:00
97,1340,Không đúng mô tả,2024-04-13 00:00:00
98,1344,Sản phẩm bị lỗi kỹ thuật,2024-09-27 00:00:00
99,1352,Không đúng mô tả,2024-06-21 00:00:00
100,1354,Đặt nhầm sản phẩm,2024-12-27 23:59:59
101,1376,Đặt nhầm sản phẩm,2023-02-11 00:00:00
102,1377,Sản phẩm không đúng màu sắc,2023-07-15 00:00:00
103,1379,Thay đổi quyết định mua hàng,2024-02-09 00:00:00
104,1416,Sản phẩm không đúng màu sắc,2023-08-04 00:00:00
105,1453,Hàng giao bị trầy xước,2024-05-13 00:00:00
106,1510,Sản phẩm không tương thích,2024-06-29 00:00:00
107,1548,Chất lượng không như mong đợi,2024-12-18 00:00:00
108,1554,Không đúng mô tả,2024-12-10 00:00:00
109,1559,Sản phẩm không đúng màu sắc,2024-02-29 00:00:00
110,1576,Chất lượng không như mong đợi,2024-12-26 00:00:00
111,1579,Hàng giao bị trầy xước,2023-08-26 00:00:00
112,1626,Không đúng mô tả,2024-09-18 00:00:00
113,1627,Sản phẩm bị lỗi kỹ thuật,2024-12-26 00:00:00
114,1633,Sản phẩm không tương thích,2024-08-04 00:00:00
115,1636,Chất lượng không như mong đợi,2023-05-23 00:00:00
116,1647,Sản phẩm không tương thích,2024-09-07 00:00:00
117,1651,Sản phẩm không đúng màu sắc,2024-12-25 00:00:00
118,1705,Đặt nhầm sản phẩm,2023-08-05 00:00:00
119,1729,Chất lượng không như mong đợi,2024-08-11 00:00:00
120,1737,Chất lượng không như mong đợi,2023-12-14 00:00:00
121,1749,Sản phẩm không tương thích,2024-04-26 00:00:00
122,1811,Sản phẩm bị lỗi kỹ thuật,2024-07-05 00:00:00
123,1813,Sản phẩm không đúng màu sắc,2024-11-26 00:00:00
124,1830,Sản phẩm không đúng màu sắc,2024-02-11 00:00:00
125,1842,Đặt nhầm sản phẩm,2024-03-03 00:00:00
126,1845,Chất lượng không như mong đợi,2024-12-30 23:59:59
127,1869,Đặt nhầm sản phẩm,2023-09-02 00:00:00
128,1895,Sản phẩm không đúng màu sắc,2024-02-20 00:00:00
129,1925,Chất lượng không như mong đợi,2023-07-21 00:00:00
130,1944,Không đúng mô tả,2023-10-21 00:00:00
131,1950,Sản phẩm không đúng màu sắc,2024-11-21 00:00:00
132,1958,Hàng giao bị trầy xước,2024-12-26 23:59:59
133,1961,Chất lượng không như mong đợi,2024-10-15 00:00:00
134,1963,Chất lượng không như mong đợi,2024-03-21 00:00:00
135,2010,Sản phẩm không đúng màu sắc,2023-12-07 00:00:00
136,2022,Thay đổi quyết định mua hàng,2024-02-02 00:00:00
137,2025,Thay đổi quyết định mua hàng,2024-11-03 00:00:00
138,2060,Sản phẩm không tương thích,2024-08-27 00:00:00
139,2073,Không đúng mô tả,2024-10-19 00:00:00
140,2085,Sản phẩm bị lỗi kỹ thuật,2023-10-23 00:00:00
141,2096,Sản phẩm bị lỗi kỹ thuật,2024-11-11 00:00:00
142,2101,Sản phẩm không đúng màu sắc,2023-12-19 00:00:00
143,2131,Sản phẩm không tương thích,2023-10-28 00:00:00
144,2155,Sản phẩm không tương thích,2024-05-20 00:00:00
145,2163,Thay đổi quyết định mua hàng,2023-04-04 00:00:00
146,2175,Sản phẩm không đúng màu sắc,2024-08-19 00:00:00
147,2190,Sản phẩm không tương thích,2023-09-13 00:00:00
148,2241,Sản phẩm không đúng màu sắc,2023-10-28 00:00:00
149,2270,Sản phẩm không tương thích,2024-06-24 00:00:00
150,2289,Sản phẩm không đúng màu sắc,2023-03-31 00:00:00
151,2292,Đặt nhầm sản phẩm,2023-03-26 00:00:00
152,2305,Không đúng mô tả,2023-12-27 00:00:00
153,2310,Đặt nhầm sản phẩm,2024-10-21 00:00:00
154,2312,Sản phẩm không đúng màu sắc,2024-06-03 00:00:00
155,2316,Sản phẩm không tương thích,2024-12-28 23:59:59
156,2356,Chất lượng không như mong đợi,2024-06-09 00:00:00
157,2376,Sản phẩm bị lỗi kỹ thuật,2024-08-30 00:00:00
158,2382,Hàng giao bị trầy xước,2023-05-31 00:00:00
159,2401,Chất lượng không như mong đợi,2023-12-19 00:00:00
160,2407,Không đúng mô tả,2024-09-04 00:00:00
161,2424,Không đúng mô tả,2023-07-30 00:00:00
162,2431,Chất lượng không như mong đợi,2023-12-08 00:00:00
163,2441,Đặt nhầm sản phẩm,2023-11-24 00:00:00
164,2445,Hàng giao bị trầy xước,2024-10-14 00:00:00
165,2448,Không đúng mô tả,2023-11-02 00:00:00
166,2449,Đặt nhầm sản phẩm,2024-02-15 00:00:00
167,2455,Không đúng mô tả,2024-03-08 00:00:00
168,2473,Sản phẩm bị lỗi kỹ thuật,2023-06-19 00:00:00
169,2490,Sản phẩm bị lỗi kỹ thuật,2024-10-06 00:00:00
170,2510,Sản phẩm không tương thích,2023-09-18 00:00:00
171,2531,Hàng giao bị trầy xước,2024-01-05 00:00:00
172,2547,Chất lượng không như mong đợi,2024-01-02 00:00:00
173,2551,Thay đổi quyết định mua hàng,2024-12-15 00:00:00
174,2557,Thay đổi quyết định mua hàng,2023-05-24 00:00:00
175,2567,Đặt nhầm sản phẩm,2024-12-16 00:00:00
176,2573,Hàng giao bị trầy xước,2024-03-02 00:00:00
177,2586,Sản phẩm không tương thích,2024-02-17 00:00:00
178,2597,Sản phẩm không đúng màu sắc,2024-12-28 00:00:00
179,2619,Thay đổi quyết định mua hàng,2024-04-15 00:00:00
180,2629,Chất lượng không như mong đợi,2023-09-09 00:00:00
181,2652,Chất lượng không như mong đợi,2023-01-31 00:00:00
182,2673,Đặt nhầm sản phẩm,2023-12-08 00:00:00
183,2676,Đặt nhầm sản phẩm,2024-11-08 00:00:00
184,2677,Sản phẩm không đúng màu sắc,2024-12-28 23:59:59
185,2719,Sản phẩm không tương thích,2024-02-14 00:00:00
186,2728,Sản phẩm không đúng màu sắc,2024-10-15 00:00:00
187,2744,Chất lượng không như mong đợi,2024-08-04 00:00:00
188,2809,Sản phẩm không tương thích,2024-08-04 00:00:00
189,2854,Đặt nhầm sản phẩm,2024-08-25 00:00:00
190,2883,Sản phẩm bị lỗi kỹ thuật,2024-04-29 00:00:00
191,2884,Không đúng mô tả,2024-06-06 00:00:00
192,2894,Sản phẩm không đúng màu sắc,2023-07-27 00:00:00
193,2899,Không đúng mô tả,2024-08-27 00:00:00
194,2944,Hàng giao bị trầy xước,2024-04-13 00:00:00
195,2952,Sản phẩm không đúng màu sắc,2024-06-09 00:00:00
196,2954,Sản phẩm không đúng màu sắc,2024-11-16 00:00:00
197,2958,Sản phẩm không đúng màu sắc,2023-10-12 00:00:00
198,2986,Hàng giao bị trầy xước,2024-09-04 00:00:00
199,2993,Sản phẩm không tương thích,2024-10-01 00:00:00
200,2995,Sản phẩm không tương thích,2023-03-22 00:00:00
201,2998,Sản phẩm bị lỗi kỹ thuật,2023-08-01 00:00:00
202,3037,Sản phẩm bị lỗi kỹ thuật,2024-07-15 00:00:00
203,3039,Sản phẩm bị lỗi kỹ thuật,2024-11-26 00:00:00
204,3066,Sản phẩm bị lỗi kỹ thuật,2024-06-18 00:00:00
205,3071,Thay đổi quyết định mua hàng,2024-01-08 00:00:00
206,3085,Hàng giao bị trầy xước,2024-12-26 23:59:59
207,3123,Đặt nhầm sản phẩm,2023-08-01 00:00:00
208,3151,Đặt nhầm sản phẩm,2023-12-11 00:00:00
209,3172,Chất lượng không như mong đợi,2023-08-22 00:00:00
210,3179,Sản phẩm bị lỗi kỹ thuật,2024-03-11 00:00:00
211,3195,Sản phẩm không đúng màu sắc,2024-06-15 00:00:00
212,3200,Chất lượng không như mong đợi,2024-03-11 00:00:00
213,3211,Chất lượng không như mong đợi,2023-10-07 00:00:00
214,3219,Chất lượng không như mong đợi,2024-01-03 00:00:00
215,3224,Sản phẩm không đúng màu sắc,2024-03-17 00:00:00
216,3230,Hàng giao bị trầy xước,2023-04-20 00:00:00
217,3240,Thay đổi quyết định mua hàng,2024-01-07 00:00:00
218,3321,Đặt nhầm sản phẩm,2024-12-29 00:00:00
219,3334,Sản phẩm không đúng màu sắc,2024-08-23 00:00:00
220,3356,Hàng giao bị trầy xước,2024-12-30 23:59:59
221,3378,Thay đổi quyết định mua hàng,2024-08-29 00:00:00
222,3407,Hàng giao bị trầy xước,2024-09-24 00:00:00
223,3415,Thay đổi quyết định mua hàng,2024-06-07 00:00:00
224,3432,Không đúng mô tả,2023-12-21 00:00:00
225,3434,Chất lượng không như mong đợi,2024-05-05 00:00:00
226,3445,Sản phẩm không tương thích,2024-08-09 00:00:00
227,3459,Thay đổi quyết định mua hàng,2024-12-15 00:00:00
228,3484,Hàng giao bị trầy xước,2024-08-17 00:00:00
229,3507,Đặt nhầm sản phẩm,2024-04-28 00:00:00
230,3511,Thay đổi quyết định mua hàng,2024-03-10 00:00:00
231,3535,Sản phẩm bị lỗi kỹ thuật,2024-02-23 00:00:00
232,3560,Sản phẩm bị lỗi kỹ thuật,2024-01-18 00:00:00
233,3563,Sản phẩm không tương thích,2024-10-31 00:00:00
234,3574,Chất lượng không như mong đợi,2023-07-03 00:00:00
235,3618,Hàng giao bị trầy xước,2024-12-08 00:00:00
236,3619,Thay đổi quyết định mua hàng,2023-05-07 00:00:00
237,3635,Sản phẩm bị lỗi kỹ thuật,2024-12-28 23:59:59
238,3665,Chất lượng không như mong đợi,2023-06-21 00:00:00
239,3687,Sản phẩm không tương thích,2024-09-28 00:00:00
240,3694,Sản phẩm không đúng màu sắc,2024-11-14 00:00:00
241,3699,Sản phẩm không tương thích,2024-06-09 00:00:00
242,3705,Đặt nhầm sản phẩm,2023-12-22 00:00:00
243,3707,Không đúng mô tả,2024-07-14 00:00:00
244,3743,Sản phẩm bị lỗi kỹ thuật,2024-02-02 00:00:00
245,3748,Sản phẩm bị lỗi kỹ thuật,2023-08-31 00:00:00
246,3756,Chất lượng không như mong đợi,2024-03-11 00:00:00
247,3762,Sản phẩm không đúng màu sắc,2024-02-07 00:00:00
248,3763,Không đúng mô tả,2024-03-18 00:00:00
249,3785,Sản phẩm không tương thích,2024-09-03 00:00:00
250,3803,Đặt nhầm sản phẩm,2024-06-23 00:00:00
251,3832,Sản phẩm bị lỗi kỹ thuật,2024-09-12 00:00:00
252,3849,Đặt nhầm sản phẩm,2024-07-25 00:00:00
253,3870,Sản phẩm không đúng màu sắc,2024-06-30 00:00:00
254,3877,Không đúng mô tả,2024-04-24 00:00:00
255,3882,Không đúng mô tả,2023-11-18 00:00:00
256,3891,Sản phẩm không tương thích,2023-12-25 00:00:00
257,3894,Thay đổi quyết định mua hàng,2024-10-27 00:00:00
258,3910,Hàng giao bị trầy xước,2023-10-19 00:00:00
259,3911,Sản phẩm không đúng màu sắc,2023-11-05 00:00:00
260,3917,Thay đổi quyết định mua hàng,2024-08-07 00:00:00
261,3932,Sản phẩm không đúng màu sắc,2024-03-01 00:00:00
262,3947,Chất lượng không như mong đợi,2024-03-30 00:00:00
263,3957,Sản phẩm bị lỗi kỹ thuật,2023-12-23 00:00:00
264,3959,Không đúng mô tả,2024-06-27 00:00:00
265,3967,Không đúng mô tả,2023-10-04 00:00:00
266,3987,Không đúng mô tả,2024-12-07 00:00:00
267,4003,Thay đổi quyết định mua hàng,2024-09-07 00:00:00
268,4057,Sản phẩm không đúng màu sắc,2024-07-18 00:00:00
269,4062,Hàng giao bị trầy xước,2023-09-17 00:00:00
270,4072,Đặt nhầm sản phẩm,2024-12-23 00:00:00
271,4087,Đặt nhầm sản phẩm,2024-12-12 00:00:00
272,4090,Không đúng mô tả,2024-01-02 00:00:00
273,4100,Không đúng mô tả,2023-12-23 00:00:00
274,4102,Sản phẩm không đúng màu sắc,2024-07-12 00:00:00
275,4108,Thay đổi quyết định mua hàng,2023-12-15 00:00:00
276,4123,Sản phẩm không đúng màu sắc,2024-10-22 00:00:00
277,4127,Sản phẩm không tương thích,2023-10-20 00:00:00
278,4142,Đặt nhầm sản phẩm,2024-07-27 00:00:00
279,4156,Sản phẩm bị lỗi kỹ thuật,2024-10-24 00:00:00
280,4160,Đặt nhầm sản phẩm,2023-04-30 00:00:00
281,4163,Chất lượng không như mong đợi,2024-09-12 00:00:00
282,4185,Sản phẩm bị lỗi kỹ thuật,2024-11-15 00:00:00
283,4208,Chất lượng không như mong đợi,2024-12-15 00:00:00
284,4214,Không đúng mô tả,2024-12-08 00:00:00
285,4216,Đặt nhầm sản phẩm,2024-01-19 00:00:00
286,4237,Không đúng mô tả,2023-12-27 00:00:00
287,4248,Đặt nhầm sản phẩm,2024-01-22 00:00:00
288,4251,Không đúng mô tả,2024-12-09 00:00:00
289,4279,Sản phẩm không tương thích,2023-09-03 00:00:00
290,4342,Sản phẩm không đúng màu sắc,2024-02-10 00:00:00
291,4351,Thay đổi quyết định mua hàng,2024-03-16 00:00:00
292,4363,Sản phẩm không tương thích,2023-03-23 00:00:00
293,4368,Chất lượng không như mong đợi,2024-08-19 00:00:00
294,4436,Hàng giao bị trầy xước,2023-09-11 00:00:00
295,4441,Đặt nhầm sản phẩm,2024-10-27 00:00:00
296,4444,Thay đổi quyết định mua hàng,2023-06-28 00:00:00
297,4452,Hàng giao bị trầy xước,2023-05-27 00:00:00
298,4470,Không đúng mô tả,2024-10-30 00:00:00
299,4478,Không đúng mô tả,2023-09-08 00:00:00
300,4506,Sản phẩm không đúng màu sắc,2024-08-23 00:00:00
301,4519,Đặt nhầm sản phẩm,2024-08-25 00:00:00
302,4527,Thay đổi quyết định mua hàng,2023-05-03 00:00:00
303,4533,Đặt nhầm sản phẩm,2024-02-25 00:00:00
304,4539,Thay đổi quyết định mua hàng,2024-07-21 00:00:00
305,4559,Không đúng mô tả,2024-05-01 00:00:00
306,4577,Chất lượng không như mong đợi,2024-04-27 00:00:00
307,4581,Sản phẩm bị lỗi kỹ thuật,2023-08-06 00:00:00
308,4620,Đặt nhầm sản phẩm,2024-12-11 00:00:00
309,4632,Không đúng mô tả,2024-02-21 00:00:00
310,4633,Hàng giao bị trầy xước,2024-05-06 00:00:00
311,4662,Không đúng mô tả,2024-11-24 00:00:00
312,4672,Sản phẩm không đúng màu sắc,2023-03-13 00:00:00
313,4676,Hàng giao bị trầy xước,2024-04-29 00:00:00
314,4679,Sản phẩm không đúng màu sắc,2024-12-28 23:59:59
315,4690,Đặt nhầm sản phẩm,2024-10-28 00:00:00
316,4691,Không đúng mô tả,2024-12-30 23:59:59
317,4705,Chất lượng không như mong đợi,2023-11-12 00:00:00
318,4760,Sản phẩm không tương thích,2023-10-03 00:00:00
319,4767,Chất lượng không như mong đợi,2024-10-07 00:00:00
320,4800,Hàng giao bị trầy xước,2024-06-13 00:00:00
321,4802,Thay đổi quyết định mua hàng,2024-12-26 00:00:00
322,4809,Sản phẩm bị lỗi kỹ thuật,2024-12-30 00:00:00
323,4813,Sản phẩm không đúng màu sắc,2024-11-27 00:00:00
324,4814,Sản phẩm không đúng màu sắc,2024-12-29 23:59:59
325,4835,Sản phẩm không đúng màu sắc,2023-10-02 00:00:00
326,4856,Chất lượng không như mong đợi,2024-02-01 00:00:00
327,4863,Đặt nhầm sản phẩm,2024-05-19 00:00:00
328,4925,Sản phẩm không tương thích,2024-12-17 00:00:00
329,4940,Sản phẩm không tương thích,2024-11-23 00:00:00
330,4971,Đặt nhầm sản phẩm,2023-08-24 00:00:00
331,5010,Sản phẩm không tương thích,2024-06-28 00:00:00
332,5015,Sản phẩm bị lỗi kỹ thuật,2024-02-19 00:00:00
333,5052,Hàng giao bị trầy xước,2023-12-21 00:00:00
334,5065,Sản phẩm bị lỗi kỹ thuật,2024-10-09 00:00:00
335,5088,Hàng giao bị trầy xước,2024-06-02 00:00:00
336,5093,Đặt nhầm sản phẩm,2024-02-22 00:00:00
337,5106,Đặt nhầm sản phẩm,2024-12-28 23:59:59
338,5115,Thay đổi quyết định mua hàng,2024-04-12 00:00:00
339,5139,Không đúng mô tả,2023-09-06 00:00:00
340,5144,Sản phẩm không đúng màu sắc,2023-08-11 00:00:00
341,5180,Thay đổi quyết định mua hàng,2024-08-28 00:00:00
342,5187,Hàng giao bị trầy xước,2024-12-29 23:59:59
343,5195,Sản phẩm không tương thích,2023-08-29 00:00:00
344,5234,Sản phẩm không tương thích,2023-09-05 00:00:00
345,5250,Sản phẩm bị lỗi kỹ thuật,2024-09-27 00:00:00
346,5291,Sản phẩm không tương thích,2024-10-24 00:00:00
347,5293,Không đúng mô tả,2023-08-10 00:00:00
348,5307,Sản phẩm không đúng màu sắc,2024-11-29 00:00:00
349,5349,Đặt nhầm sản phẩm,2024-07-02 00:00:00
350,5363,Sản phẩm không đúng màu sắc,2024-08-25 00:00:00
351,5370,Sản phẩm bị lỗi kỹ thuật,2024-07-23 00:00:00
352,5371,Sản phẩm không tương thích,2024-11-29 00:00:00
353,5372,Đặt nhầm sản phẩm,2024-12-26 23:59:59
354,5374,Sản phẩm không đúng màu sắc,2023-08-30 00:00:00
355,5393,Sản phẩm không tương thích,2024-01-29 00:00:00
356,5404,Hàng giao bị trầy xước,2024-02-02 00:00:00
357,5409,Sản phẩm bị lỗi kỹ thuật,2023-08-25 00:00:00
358,5413,Sản phẩm bị lỗi kỹ thuật,2024-03-05 00:00:00
359,5436,Sản phẩm không đúng màu sắc,2024-07-29 00:00:00
360,5484,Sản phẩm không tương thích,2024-06-04 00:00:00
361,5487,Đặt nhầm sản phẩm,2024-02-13 00:00:00
362,5504,Hàng giao bị trầy xước,2024-03-22 00:00:00
363,5514,Thay đổi quyết định mua hàng,2024-05-03 00:00:00
364,5515,Đặt nhầm sản phẩm,2024-09-17 00:00:00
365,5517,Hàng giao bị trầy xước,2024-02-07 00:00:00
366,5564,Sản phẩm không tương thích,2024-01-19 00:00:00
367,5565,Sản phẩm bị lỗi kỹ thuật,2024-03-03 00:00:00
368,5568,Hàng giao bị trầy xước,2024-11-27 00:00:00
369,5592,Không đúng mô tả,2024-05-28 00:00:00
370,5655,Hàng giao bị trầy xước,2024-03-05 00:00:00
371,5656,Đặt nhầm sản phẩm,2024-06-09 00:00:00
372,5716,Sản phẩm bị lỗi kỹ thuật,2023-10-17 00:00:00
373,5747,Thay đổi quyết định mua hàng,2024-12-27 23:59:59
374,5748,Sản phẩm không tương thích,2024-08-09 00:00:00
375,5798,Hàng giao bị trầy xước,2024-12-28 00:00:00
376,5835,Sản phẩm không đúng màu sắc,2024-05-21 00:00:00
377,5843,Sản phẩm bị lỗi kỹ thuật,2023-09-28 00:00:00
378,5860,Không đúng mô tả,2023-08-22 00:00:00
379,5865,Đặt nhầm sản phẩm,2024-11-01 00:00:00
380,5890,Thay đổi quyết định mua hàng,2023-08-28 00:00:00
381,5907,Sản phẩm không đúng màu sắc,2024-06-18 00:00:00
382,5926,Đặt nhầm sản phẩm,2024-11-24 00:00:00
383,5932,Sản phẩm không đúng màu sắc,2024-12-28 00:00:00
384,5949,Đặt nhầm sản phẩm,2024-03-27 00:00:00
385,5972,Đặt nhầm sản phẩm,2023-12-23 00:00:00
386,5985,Sản phẩm không đúng màu sắc,2023-07-08 00:00:00
387,5988,Hàng giao bị trầy xước,2024-06-08 00:00:00
388,6020,Chất lượng không như mong đợi,2023-06-18 00:00:00
389,6040,Không đúng mô tả,2024-09-28 00:00:00
390,6047,Sản phẩm không đúng màu sắc,2024-02-04 00:00:00
391,6057,Đặt nhầm sản phẩm,2024-06-25 00:00:00
392,6061,Sản phẩm không đúng màu sắc,2023-05-04 00:00:00
393,6080,Sản phẩm bị lỗi kỹ thuật,2024-03-11 00:00:00
394,6123,Hàng giao bị trầy xước,2024-10-17 00:00:00
395,6190,Sản phẩm không đúng màu sắc,2023-07-20 00:00:00
396,6191,Sản phẩm không đúng màu sắc,2023-08-16 00:00:00
397,6198,Đặt nhầm sản phẩm,2024-10-14 00:00:00
398,6202,Thay đổi quyết định mua hàng,2024-12-29 23:59:59
399,6213,Đặt nhầm sản phẩm,2024-07-14 00:00:00
400,6227,Không đúng mô tả,2024-01-15 00:00:00
401,6228,Sản phẩm không tương thích,2024-05-27 00:00:00
402,6230,Sản phẩm bị lỗi kỹ thuật,2024-11-12 00:00:00
403,6238,Thay đổi quyết định mua hàng,2024-06-10 00:00:00
404,6260,Chất lượng không như mong đợi,2024-01-19 00:00:00
405,6261,Sản phẩm không tương thích,2024-06-04 00:00:00
406,6283,Sản phẩm không đúng màu sắc,2024-04-03 00:00:00
407,6315,Hàng giao bị trầy xước,2024-06-03 00:00:00
408,6352,Sản phẩm không tương thích,2024-08-15 00:00:00
409,6375,Không đúng mô tả,2023-07-15 00:00:00
410,6413,Sản phẩm không đúng màu sắc,2024-06-04 00:00:00
411,6414,Sản phẩm bị lỗi kỹ thuật,2024-10-18 00:00:00
412,6427,Thay đổi quyết định mua hàng,2023-12-10 00:00:00
413,6430,Thay đổi quyết định mua hàng,2024-09-05 00:00:00
414,6433,Đặt nhầm sản phẩm,2024-05-14 00:00:00
415,6448,Chất lượng không như mong đợi,2024-10-26 00:00:00
416,6458,Thay đổi quyết định mua hàng,2024-12-09 00:00:00
417,6495,Sản phẩm bị lỗi kỹ thuật,2023-07-31 00:00:00
418,6505,Thay đổi quyết định mua hàng,2024-11-28 00:00:00
419,6519,Thay đổi quyết định mua hàng,2024-06-11 00:00:00
420,6523,Thay đổi quyết định mua hàng,2023-07-25 00:00:00
421,6531,Sản phẩm bị lỗi kỹ thuật,2024-04-15 00:00:00
422,6564,Thay đổi quyết định mua hàng,2024-08-10 00:00:00
423,6567,Đặt nhầm sản phẩm,2024-07-20 00:00:00
424,6572,Thay đổi quyết định mua hàng,2024-11-16 00:00:00
425,6579,Không đúng mô tả,2024-12-21 00:00:00
426,6580,Đặt nhầm sản phẩm,2023-12-16 00:00:00
427,6641,Sản phẩm không đúng màu sắc,2023-12-21 00:00:00
428,6647,Sản phẩm không tương thích,2023-02-22 00:00:00
429,6666,Sản phẩm không tương thích,2024-06-09 00:00:00
430,6679,Chất lượng không như mong đợi,2024-01-30 00:00:00
431,6689,Chất lượng không như mong đợi,2024-01-06 00:00:00
432,6694,Sản phẩm bị lỗi kỹ thuật,2024-03-09 00:00:00
433,6711,Chất lượng không như mong đợi,2024-07-03 00:00:00
434,6718,Đặt nhầm sản phẩm,2024-11-16 00:00:00
435,6729,Chất lượng không như mong đợi,2024-08-05 00:00:00
436,6762,Sản phẩm bị lỗi kỹ thuật,2024-02-29 00:00:00
437,6772,Sản phẩm không tương thích,2024-07-05 00:00:00
438,6782,Đặt nhầm sản phẩm,2024-03-05 00:00:00
439,6787,Thay đổi quyết định mua hàng,2023-07-04 00:00:00
440,6801,Chất lượng không như mong đợi,2024-02-13 00:00:00
441,6804,Sản phẩm không đúng màu sắc,2024-11-25 00:00:00
442,6810,Sản phẩm bị lỗi kỹ thuật,2024-07-13 00:00:00
443,6856,Chất lượng không như mong đợi,2024-12-05 00:00:00
444,6858,Không đúng mô tả,2024-12-27 23:59:59
445,6864,Không đúng mô tả,2024-02-28 00:00:00
446,6882,Hàng giao bị trầy xước,2024-03-28 00:00:00
447,6904,Sản phẩm bị lỗi kỹ thuật,2023-08-16 00:00:00
448,6919,Đặt nhầm sản phẩm,2024-12-27 23:59:59
449,6949,Sản phẩm bị lỗi kỹ thuật,2024-05-20 00:00:00
450,6980,Hàng giao bị trầy xước,2024-12-29 23:59:59
451,6993,Sản phẩm không tương thích,2023-10-13 00:00:00
452,7022,Không đúng mô tả,2024-12-26 23:59:59
453,7033,Đặt nhầm sản phẩm,2024-03-02 00:00:00
454,7039,Không đúng mô tả,2023-10-16 00:00:00
455,7048,Sản phẩm không đúng màu sắc,2024-12-02 00:00:00
456,7054,Chất lượng không như mong đợi,2024-10-24 00:00:00
457,7070,Sản phẩm bị lỗi kỹ thuật,2024-09-13 00:00:00
458,7074,Sản phẩm không tương thích,2023-08-07 00:00:00
459,7076,Không đúng mô tả,2024-12-21 00:00:00
460,7077,Sản phẩm không đúng màu sắc,2024-12-12 00:00:00
461,7086,Sản phẩm không đúng màu sắc,2024-03-04 00:00:00
462,7145,Sản phẩm bị lỗi kỹ thuật,2024-01-04 00:00:00
463,7146,Không đúng mô tả,2024-03-14 00:00:00
464,7168,Thay đổi quyết định mua hàng,2024-12-15 00:00:00
465,7192,Sản phẩm bị lỗi kỹ thuật,2024-12-19 00:00:00
466,7210,Sản phẩm bị lỗi kỹ thuật,2024-12-27 23:59:59
467,7223,Sản phẩm không đúng màu sắc,2024-08-12 00:00:00
468,7236,Không đúng mô tả,2024-06-29 00:00:00
469,7261,Sản phẩm không tương thích,2024-04-29 00:00:00
470,7287,Sản phẩm không đúng màu sắc,2024-11-30 00:00:00
471,7304,Sản phẩm bị lỗi kỹ thuật,2023-05-14 00:00:00
472,7306,Chất lượng không như mong đợi,2023-09-17 00:00:00
473,7340,Chất lượng không như mong đợi,2023-07-21 00:00:00
474,7385,Không đúng mô tả,2024-12-31 00:00:00
475,7386,Chất lượng không như mong đợi,2023-10-01 00:00:00
476,7418,Chất lượng không như mong đợi,2024-11-21 00:00:00
477,7428,Thay đổi quyết định mua hàng,2024-12-12 00:00:00
478,7429,Không đúng mô tả,2023-06-14 00:00:00
479,7468,Sản phẩm không tương thích,2024-08-05 00:00:00
480,7471,Thay đổi quyết định mua hàng,2024-04-15 00:00:00
481,7502,Sản phẩm không đúng màu sắc,2024-09-12 00:00:00
482,7536,Sản phẩm không tương thích,2024-03-09 00:00:00
483,7545,Sản phẩm không đúng màu sắc,2024-12-19 00:00:00
484,7573,Không đúng mô tả,2024-12-27 00:00:00
485,7578,Thay đổi quyết định mua hàng,2024-07-23 00:00:00
486,7592,Chất lượng không như mong đợi,2024-05-13 00:00:00
487,7593,Hàng giao bị trầy xước,2024-08-16 00:00:00
488,7595,Sản phẩm không tương thích,2023-10-12 00:00:00
489,7630,Thay đổi quyết định mua hàng,2024-09-18 00:00:00
490,7671,Sản phẩm không đúng màu sắc,2024-09-09 00:00:00
491,7674,Sản phẩm không tương thích,2024-02-08 00:00:00
492,7694,Không đúng mô tả,2024-06-14 00:00:00
493,7697,Không đúng mô tả,2023-12-11 00:00:00
494,7698,Sản phẩm bị lỗi kỹ thuật,2024-04-03 00:00:00
495,7702,Sản phẩm bị lỗi kỹ thuật,2023-06-13 00:00:00
496,7734,Sản phẩm không đúng màu sắc,2024-12-30 23:59:59
497,7739,Chất lượng không như mong đợi,2024-12-17 00:00:00
498,7773,Không đúng mô tả,2024-01-01 00:00:00
499,7794,Sản phẩm không tương thích,2023-06-24 00:00:00
500,7839,Không đúng mô tả,2023-06-22 00:00:00
501,7906,Hàng giao bị trầy xước,2023-06-27 00:00:00
502,7926,Chất lượng không như mong đợi,2024-09-24 00:00:00
503,7999,Sản phẩm không tương thích,2023-09-15 00:00:00
504,8023,Chất lượng không như mong đợi,2023-02-01 00:00:00
505,8028,Không đúng mô tả,2023-03-12 00:00:00
506,8060,Sản phẩm bị lỗi kỹ thuật,2023-10-05 00:00:00
507,8071,Sản phẩm không đúng màu sắc,2024-05-30 00:00:00
508,8094,Chất lượng không như mong đợi,2024-11-07 00:00:00
509,8097,Sản phẩm không đúng màu sắc,2023-12-06 00:00:00
510,8115,Hàng giao bị trầy xước,2024-12-30 23:59:59
511,8126,Hàng giao bị trầy xước,2023-12-10 00:00:00
512,8134,Sản phẩm không tương thích,2024-04-22 00:00:00
513,8177,Sản phẩm bị lỗi kỹ thuật,2024-04-30 00:00:00
514,8185,Đặt nhầm sản phẩm,2024-05-02 00:00:00
515,8227,Hàng giao bị trầy xước,2023-12-14 00:00:00
516,8233,Sản phẩm bị lỗi kỹ thuật,2023-06-27 00:00:00
517,8264,Đặt nhầm sản phẩm,2023-03-08 00:00:00
518,8303,Thay đổi quyết định mua hàng,2024-10-16 00:00:00
519,8323,Chất lượng không như mong đợi,2023-04-05 00:00:00
520,8333,Chất lượng không như mong đợi,2024-08-16 00:00:00
521,8345,Không đúng mô tả,2024-09-04 00:00:00
522,8365,Hàng giao bị trầy xước,2024-02-29 00:00:00
523,8368,Thay đổi quyết định mua hàng,2023-08-14 00:00:00
524,8397,Sản phẩm bị lỗi kỹ thuật,2024-12-26 23:59:59
525,8409,Hàng giao bị trầy xước,2024-06-07 00:00:00
526,8417,Đặt nhầm sản phẩm,2024-12-05 00:00:00
527,8424,Sản phẩm không tương thích,2023-12-23 00:00:00
528,8443,Chất lượng không như mong đợi,2024-10-19 00:00:00
529,8447,Sản phẩm không tương thích,2024-02-15 00:00:00
530,8449,Hàng giao bị trầy xước,2024-07-29 00:00:00
531,8455,Sản phẩm không tương thích,2024-03-12 00:00:00
532,8467,Sản phẩm bị lỗi kỹ thuật,2023-11-14 00:00:00
533,8490,Hàng giao bị trầy xước,2024-01-31 00:00:00
534,8494,Sản phẩm không tương thích,2024-04-17 00:00:00
535,8534,Không đúng mô tả,2024-02-06 00:00:00
536,8555,Thay đổi quyết định mua hàng,2024-12-01 00:00:00
537,8558,Sản phẩm không tương thích,2024-01-30 00:00:00
538,8582,Không đúng mô tả,2024-11-05 00:00:00
539,8594,Hàng giao bị trầy xước,2023-10-15 00:00:00
540,8618,Sản phẩm bị lỗi kỹ thuật,2024-08-11 00:00:00
541,8639,Thay đổi quyết định mua hàng,2023-06-23 00:00:00
542,8644,Sản phẩm không đúng màu sắc,2024-12-13 00:00:00
543,8661,Thay đổi quyết định mua hàng,2024-01-22 00:00:00
544,8675,Không đúng mô tả,2024-05-26 00:00:00
545,8691,Đặt nhầm sản phẩm,2023-11-21 00:00:00
546,8701,Không đúng mô tả,2024-07-15 00:00:00
547,8702,Đặt nhầm sản phẩm,2024-08-18 00:00:00
548,8711,Sản phẩm bị lỗi kỹ thuật,2023-12-02 00:00:00
549,8723,Sản phẩm không đúng màu sắc,2024-11-19 00:00:00
550,8766,Sản phẩm không tương thích,2024-09-10 00:00:00
551,8769,Không đúng mô tả,2024-08-26 00:00:00
552,8777,Không đúng mô tả,2024-12-25 00:00:00
553,8803,Chất lượng không như mong đợi,2023-06-19 00:00:00
554,8844,Sản phẩm không tương thích,2024-10-18 00:00:00
555,8859,Thay đổi quyết định mua hàng,2023-09-12 00:00:00
556,8885,Sản phẩm không tương thích,2024-02-28 00:00:00
557,8888,Chất lượng không như mong đợi,2024-11-14 00:00:00
558,8930,Hàng giao bị trầy xước,2024-09-13 00:00:00
559,8932,Thay đổi quyết định mua hàng,2024-12-20 00:00:00
560,8941,Chất lượng không như mong đợi,2023-11-16 00:00:00
561,8945,Sản phẩm bị lỗi kỹ thuật,2023-05-16 00:00:00
562,8972,Đặt nhầm sản phẩm,2024-02-13 00:00:00
563,8974,Hàng giao bị trầy xước,2024-08-16 00:00:00
564,9005,Sản phẩm bị lỗi kỹ thuật,2024-09-04 00:00:00
565,9010,Sản phẩm không đúng màu sắc,2023-07-13 00:00:00
566,9021,Chất lượng không như mong đợi,2024-12-29 23:59:59
567,9049,Đặt nhầm sản phẩm,2024-08-02 00:00:00
568,9060,Chất lượng không như mong đợi,2024-06-21 00:00:00
569,9088,Sản phẩm bị lỗi kỹ thuật,2024-07-03 00:00:00
570,9101,Sản phẩm bị lỗi kỹ thuật,2023-07-21 00:00:00
571,9109,Sản phẩm không tương thích,2024-09-18 00:00:00
572,9115,Sản phẩm bị lỗi kỹ thuật,2024-12-26 23:59:59
573,9135,Sản phẩm không tương thích,2024-08-06 00:00:00
574,9137,Đặt nhầm sản phẩm,2023-07-18 00:00:00
575,9148,Sản phẩm không đúng màu sắc,2023-11-02 00:00:00
576,9154,Chất lượng không như mong đợi,2023-09-09 00:00:00
577,9165,Chất lượng không như mong đợi,2024-02-22 00:00:00
578,9188,Sản phẩm không đúng màu sắc,2023-06-25 00:00:00
579,9200,Thay đổi quyết định mua hàng,2023-07-07 00:00:00
580,9207,Đặt nhầm sản phẩm,2024-05-17 00:00:00
581,9220,Sản phẩm không tương thích,2024-06-17 00:00:00
582,9241,Thay đổi quyết định mua hàng,2024-11-28 00:00:00
583,9249,Thay đổi quyết định mua hàng,2024-11-04 00:00:00
584,9268,Sản phẩm bị lỗi kỹ thuật,2023-08-24 00:00:00
585,9293,Đặt nhầm sản phẩm,2023-10-29 00:00:00
586,9332,Sản phẩm không đúng màu sắc,2024-11-20 00:00:00
587,9352,Hàng giao bị trầy xước,2024-12-28 23:59:59
588,9400,Hàng giao bị trầy xước,2024-07-12 00:00:00
589,9411,Sản phẩm bị lỗi kỹ thuật,2024-01-22 00:00:00
590,9412,Không đúng mô tả,2024-06-28 00:00:00
591,9416,Sản phẩm không đúng màu sắc,2024-04-17 00:00:00
592,9418,Sản phẩm không tương thích,2024-12-25 00:00:00
593,9441,Thay đổi quyết định mua hàng,2024-10-23 00:00:00
594,9473,Thay đổi quyết định mua hàng,2024-05-26 00:00:00
595,9476,Sản phẩm bị lỗi kỹ thuật,2024-02-23 00:00:00
596,9525,Đặt nhầm sản phẩm,2024-10-17 00:00:00
597,9534,Đặt nhầm sản phẩm,2023-11-09 00:00:00
598,9550,Sản phẩm không tương thích,2024-11-21 00:00:00
599,9558,Sản phẩm không đúng màu sắc,2024-01-03 00:00:00
600,9613,Sản phẩm không đúng màu sắc,2024-11-24 00:00:00
601,9617,Sản phẩm bị lỗi kỹ thuật,2023-11-21 00:00:00
602,9619,Sản phẩm không tương thích,2024-01-10 00:00:00
603,9632,Sản phẩm không tương thích,2024-08-14 00:00:00
604,9636,Hàng giao bị trầy xước,2023-08-01 00:00:00
605,9641,Đặt nhầm sản phẩm,2024-12-28 00:00:00
606,9675,Đặt nhầm sản phẩm,2024-08-21 00:00:00
607,9704,Hàng giao bị trầy xước,2024-01-30 00:00:00
608,9711,Sản phẩm không đúng màu sắc,2024-01-18 00:00:00
609,9727,Chất lượng không như mong đợi,2024-09-07 00:00:00
610,9741,Thay đổi quyết định mua hàng,2024-07-03 00:00:00
611,9760,Chất lượng không như mong đợi,2023-08-27 00:00:00
612,9768,Đặt nhầm sản phẩm,2023-11-08 00:00:00
613,9769,Sản phẩm không tương thích,2023-12-19 00:00:00
614,9774,Sản phẩm bị lỗi kỹ thuật,2024-12-21 00:00:00
615,9814,Sản phẩm không tương thích,2024-05-25 00:00:00
616,9820,Đặt nhầm sản phẩm,2024-05-30 00:00:00
617,9824,Sản phẩm không đúng màu sắc,2023-08-21 00:00:00
618,9846,Đặt nhầm sản phẩm,2024-01-20 00:00:00
619,9934,Chất lượng không như mong đợi,2024-12-10 00:00:00
620,9964,Sản phẩm không tương thích,2023-06-27 00:00:00
621,9975,Chất lượng không như mong đợi,2024-02-29 00:00:00
622,9986,Chất lượng không như mong đợi,2024-07-30 00:00:00
623,10003,Không đúng mô tả,2023-12-16 00:00:00
624,10004,Thay đổi quyết định mua hàng,2024-01-24 00:00:00
625,10085,Thay đổi quyết định mua hàng,2024-09-10 00:00:00
626,10100,Chất lượng không như mong đợi,2023-06-07 00:00:00
627,10108,Không đúng mô tả,2023-06-19 00:00:00
628,10109,Chất lượng không như mong đợi,2023-08-22 00:00:00
629,10135,Thay đổi quyết định mua hàng,2023-05-22 00:00:00
630,10166,Sản phẩm không đúng màu sắc,2023-09-14 00:00:00
631,10169,Không đúng mô tả,2024-08-26 00:00:00
632,10198,Sản phẩm không tương thích,2023-11-14 00:00:00
633,10208,Hàng giao bị trầy xước,2024-05-13 00:00:00
634,10224,Chất lượng không như mong đợi,2023-08-08 00:00:00
635,10234,Hàng giao bị trầy xước,2024-03-14 00:00:00
636,10241,Đặt nhầm sản phẩm,2024-01-16 00:00:00
637,10254,Thay đổi quyết định mua hàng,2023-11-05 00:00:00
638,10261,Sản phẩm không tương thích,2023-08-16 00:00:00
639,10273,Sản phẩm bị lỗi kỹ thuật,2023-09-12 00:00:00
640,10319,Sản phẩm không đúng màu sắc,2023-04-07 00:00:00
641,10320,Chất lượng không như mong đợi,2023-07-02 00:00:00
642,10323,Sản phẩm bị lỗi kỹ thuật,2024-03-01 00:00:00
643,10360,Thay đổi quyết định mua hàng,2024-11-28 00:00:00
644,10364,Sản phẩm bị lỗi kỹ thuật,2023-09-04 00:00:00
645,10384,Không đúng mô tả,2023-05-24 00:00:00
646,10394,Không đúng mô tả,2023-09-27 00:00:00
647,10406,Không đúng mô tả,2024-12-08 00:00:00
648,10499,Thay đổi quyết định mua hàng,2023-12-17 00:00:00
649,10504,Sản phẩm bị lỗi kỹ thuật,2024-06-01 00:00:00
650,10511,Sản phẩm không đúng màu sắc,2024-12-26 00:00:00
651,10514,Đặt nhầm sản phẩm,2023-08-12 00:00:00
652,10541,Đặt nhầm sản phẩm,2024-11-27 00:00:00
653,10565,Sản phẩm không đúng màu sắc,2024-11-30 00:00:00
654,10622,Chất lượng không như mong đợi,2023-06-24 00:00:00
655,10626,Thay đổi quyết định mua hàng,2024-11-15 00:00:00
656,10630,Thay đổi quyết định mua hàng,2024-05-25 00:00:00
657,10643,Đặt nhầm sản phẩm,2023-07-31 00:00:00
658,10668,Hàng giao bị trầy xước,2024-08-19 00:00:00
659,10679,Sản phẩm không đúng màu sắc,2024-11-30 00:00:00
660,10693,Sản phẩm không tương thích,2023-12-15 00:00:00
661,10714,Chất lượng không như mong đợi,2023-08-07 00:00:00
662,10774,Đặt nhầm sản phẩm,2024-03-30 00:00:00
663,10777,Thay đổi quyết định mua hàng,2024-12-17 00:00:00
664,10811,Sản phẩm không tương thích,2023-03-31 00:00:00
665,10834,Sản phẩm không tương thích,2024-06-23 00:00:00
666,10869,Không đúng mô tả,2024-11-16 00:00:00
667,10897,Sản phẩm bị lỗi kỹ thuật,2024-07-16 00:00:00
668,10906,Hàng giao bị trầy xước,2023-04-12 00:00:00
669,10916,Sản phẩm không tương thích,2024-08-28 00:00:00
670,10929,Hàng giao bị trầy xước,2023-04-30 00:00:00
671,10944,Thay đổi quyết định mua hàng,2024-11-30 00:00:00
672,10946,Sản phẩm không đúng màu sắc,2023-07-21 00:00:00
673,10947,Sản phẩm không tương thích,2023-10-23 00:00:00
674,10961,Chất lượng không như mong đợi,2023-10-06 00:00:00
675,10975,Hàng giao bị trầy xước,2024-04-23 00:00:00
676,11025,Không đúng mô tả,2024-01-16 00:00:00
677,11026,Chất lượng không như mong đợi,2024-03-04 00:00:00
678,11033,Sản phẩm không tương thích,2024-10-18 00:00:00
679,11046,Sản phẩm không tương thích,2024-12-16 00:00:00
680,11047,Sản phẩm không tương thích,2023-12-13 00:00:00
681,11056,Thay đổi quyết định mua hàng,2024-04-10 00:00:00
682,11060,Đặt nhầm sản phẩm,2023-05-07 00:00:00
683,11071,Sản phẩm không tương thích,2024-12-12 00:00:00
684,11127,Sản phẩm bị lỗi kỹ thuật,2023-07-14 00:00:00
685,11138,Đặt nhầm sản phẩm,2024-12-06 00:00:00
686,11166,Thay đổi quyết định mua hàng,2023-11-23 00:00:00
687,11180,Thay đổi quyết định mua hàng,2023-03-18 00:00:00
688,11192,Sản phẩm không tương thích,2024-12-27 00:00:00
689,11195,Sản phẩm không tương thích,2023-11-24 00:00:00
690,11224,Không đúng mô tả,2024-09-14 00:00:00
691,11239,Sản phẩm không tương thích,2023-03-16 00:00:00
692,11241,Không đúng mô tả,2023-09-19 00:00:00
693,11265,Thay đổi quyết định mua hàng,2024-12-27 23:59:59
694,11284,Chất lượng không như mong đợi,2024-08-12 00:00:00
695,11298,Không đúng mô tả,2024-05-14 00:00:00
696,11306,Hàng giao bị trầy xước,2024-10-31 00:00:00
697,11314,Đặt nhầm sản phẩm,2024-12-26 23:59:59
698,11322,Đặt nhầm sản phẩm,2024-10-22 00:00:00
699,11336,Đặt nhầm sản phẩm,2023-03-07 00:00:00
700,11345,Chất lượng không như mong đợi,2024-11-05 00:00:00
701,11397,Sản phẩm không đúng màu sắc,2023-11-29 00:00:00
702,11424,Sản phẩm không tương thích,2024-02-18 00:00:00
703,11427,Chất lượng không như mong đợi,2024-11-22 00:00:00
704,11472,Sản phẩm bị lỗi kỹ thuật,2024-05-14 00:00:00
705,11489,Không đúng mô tả,2024-08-28 00:00:00
706,11525,Đặt nhầm sản phẩm,2024-12-20 00:00:00
707,11546,Chất lượng không như mong đợi,2024-12-26 00:00:00
708,11553,Hàng giao bị trầy xước,2024-01-12 00:00:00
709,11590,Sản phẩm không đúng màu sắc,2023-02-19 00:00:00
710,11621,Sản phẩm không đúng màu sắc,2024-08-01 00:00:00
711,11643,Thay đổi quyết định mua hàng,2024-12-21 00:00:00
712,11644,Chất lượng không như mong đợi,2024-03-20 00:00:00
713,11650,Sản phẩm không tương thích,2024-06-26 00:00:00
714,11673,Đặt nhầm sản phẩm,2024-06-06 00:00:00
715,11715,Sản phẩm không đúng màu sắc,2024-09-30 00:00:00
716,11733,Thay đổi quyết định mua hàng,2024-12-26 00:00:00
717,11757,Sản phẩm bị lỗi kỹ thuật,2024-12-26 23:59:59
718,11803,Sản phẩm không đúng màu sắc,2024-08-17 00:00:00
719,11804,Thay đổi quyết định mua hàng,2024-11-28 00:00:00
720,11827,Sản phẩm không đúng màu sắc,2024-02-13 00:00:00
721,11843,Sản phẩm không tương thích,2024-09-15 00:00:00
722,11846,Đặt nhầm sản phẩm,2023-06-08 00:00:00
723,11860,Không đúng mô tả,2024-12-23 00:00:00
724,11880,Sản phẩm không tương thích,2024-09-10 00:00:00
725,11887,Chất lượng không như mong đợi,2024-04-10 00:00:00
726,11925,Sản phẩm bị lỗi kỹ thuật,2024-03-22 00:00:00
727,11962,Hàng giao bị trầy xước,2024-10-21 00:00:00
728,12006,Sản phẩm không đúng màu sắc,2024-12-30 00:00:00
729,12016,Không đúng mô tả,2024-04-10 00:00:00
730,12028,Sản phẩm bị lỗi kỹ thuật,2024-11-06 00:00:00
731,12033,Thay đổi quyết định mua hàng,2023-06-25 00:00:00
732,12045,Sản phẩm bị lỗi kỹ thuật,2023-07-22 00:00:00
733,12068,Sản phẩm không tương thích,2024-02-23 00:00:00
734,12075,Chất lượng không như mong đợi,2024-10-01 00:00:00
735,12089,Không đúng mô tả,2024-07-27 00:00:00
736,12091,Chất lượng không như mong đợi,2023-07-14 00:00:00
737,12093,Chất lượng không như mong đợi,2024-02-15 00:00:00
738,12094,Sản phẩm bị lỗi kỹ thuật,2024-05-28 00:00:00
739,12101,Hàng giao bị trầy xước,2024-12-26 00:00:00
740,12111,Sản phẩm không đúng màu sắc,2024-05-19 00:00:00
741,12127,Không đúng mô tả,2023-04-02 00:00:00
742,12135,Thay đổi quyết định mua hàng,2024-07-11 00:00:00
743,12175,Đặt nhầm sản phẩm,2023-09-13 00:00:00
744,12196,Sản phẩm không đúng màu sắc,2024-12-27 23:59:59
745,12227,Hàng giao bị trầy xước,2023-12-10 00:00:00
746,12254,Sản phẩm không đúng màu sắc,2024-04-30 00:00:00
747,12280,Thay đổi quyết định mua hàng,2023-11-28 00:00:00
748,12301,Chất lượng không như mong đợi,2024-02-29 00:00:00
749,12324,Sản phẩm không tương thích,2024-01-09 00:00:00
750,12329,Sản phẩm bị lỗi kỹ thuật,2023-04-15 00:00:00
751,12346,Hàng giao bị trầy xước,2024-07-06 00:00:00
752,12367,Hàng giao bị trầy xước,2024-10-21 00:00:00
753,12386,Chất lượng không như mong đợi,2024-12-30 00:00:00
754,12393,Đặt nhầm sản phẩm,2023-08-17 00:00:00
755,12396,Thay đổi quyết định mua hàng,2024-06-16 00:00:00
756,12399,Đặt nhầm sản phẩm,2024-12-26 23:59:59
757,12404,Thay đổi quyết định mua hàng,2024-05-09 00:00:00
758,12412,Đặt nhầm sản phẩm,2024-01-21 00:00:00
759,12452,Sản phẩm không đúng màu sắc,2024-10-12 00:00:00
760,12483,Không đúng mô tả,2024-06-18 00:00:00
761,12493,Không đúng mô tả,2024-08-23 00:00:00
762,12494,Hàng giao bị trầy xước,2024-11-17 00:00:00
763,12514,Sản phẩm không tương thích,2024-10-23 00:00:00
764,12522,Hàng giao bị trầy xước,2024-07-19 00:00:00
765,12545,Hàng giao bị trầy xước,2024-09-24 00:00:00
766,12555,Chất lượng không như mong đợi,2024-01-07 00:00:00
767,12568,Thay đổi quyết định mua hàng,2023-11-26 00:00:00
768,12585,Sản phẩm không tương thích,2024-03-14 00:00:00
769,12594,Đặt nhầm sản phẩm,2024-12-29 23:59:59
770,12623,Sản phẩm không tương thích,2023-11-05 00:00:00
771,12641,Không đúng mô tả,2024-07-24 00:00:00
772,12646,Sản phẩm bị lỗi kỹ thuật,2024-10-26 00:00:00
773,12649,Sản phẩm bị lỗi kỹ thuật,2024-09-29 00:00:00
774,12652,Sản phẩm bị lỗi kỹ thuật,2024-12-02 00:00:00
775,12663,Đặt nhầm sản phẩm,2023-08-26 00:00:00
776,12667,Đặt nhầm sản phẩm,2024-02-12 00:00:00
777,12692,Không đúng mô tả,2024-05-25 00:00:00
778,12701,Không đúng mô tả,2023-10-02 00:00:00
779,12705,Sản phẩm không đúng màu sắc,2024-12-18 00:00:00
780,12723,Chất lượng không như mong đợi,2024-10-15 00:00:00
781,12735,Chất lượng không như mong đợi,2024-09-14 00:00:00
782,12766,Không đúng mô tả,2024-05-19 00:00:00
783,12776,Sản phẩm không tương thích,2024-11-13 00:00:00
784,12787,Sản phẩm bị lỗi kỹ thuật,2024-12-26 23:59:59
785,12802,Hàng giao bị trầy xước,2024-12-30 23:59:59
786,12819,Sản phẩm không tương thích,2023-12-25 00:00:00
787,12848,Sản phẩm không tương thích,2023-11-10 00:00:00
788,12852,Hàng giao bị trầy xước,2024-08-09 00:00:00
789,12892,Hàng giao bị trầy xước,2024-05-14 00:00:00
790,12895,Sản phẩm không đúng màu sắc,2024-12-14 00:00:00
791,12902,Không đúng mô tả,2024-05-28 00:00:00
792,12938,Sản phẩm không đúng màu sắc,2023-07-06 00:00:00
793,12944,Sản phẩm không đúng màu sắc,2024-12-26 23:59:59
794,12951,Đặt nhầm sản phẩm,2024-03-23 00:00:00
795,12960,Thay đổi quyết định mua hàng,2024-05-30 00:00:00
796,13030,Chất lượng không như mong đợi,2024-10-25 00:00:00
797,13077,Sản phẩm bị lỗi kỹ thuật,2024-12-01 00:00:00
798,13102,Không đúng mô tả,2024-10-23 00:00:00
799,13107,Sản phẩm không đúng màu sắc,2024-03-31 00:00:00
800,13110,Thay đổi quyết định mua hàng,2024-12-26 23:59:59
801,13127,Chất lượng không như mong đợi,2023-11-18 00:00:00
802,13143,Chất lượng không như mong đợi,2024-02-27 00:00:00
803,13162,Đặt nhầm sản phẩm,2024-12-13 00:00:00
804,13178,Không đúng mô tả,2023-08-01 00:00:00
805,13182,Sản phẩm không tương thích,2024-07-14 00:00:00
806,13183,Thay đổi quyết định mua hàng,2024-11-03 00:00:00
807,13199,Sản phẩm không tương thích,2023-07-01 00:00:00
808,13200,Thay đổi quyết định mua hàng,2023-06-25 00:00:00
809,13214,Hàng giao bị trầy xước,2024-12-29 00:00:00
810,13235,Chất lượng không như mong đợi,2024-08-03 00:00:00
811,13249,Không đúng mô tả,2024-07-08 00:00:00
812,13255,Sản phẩm bị lỗi kỹ thuật,2024-06-05 00:00:00
813,13269,Sản phẩm không đúng màu sắc,2024-08-02 00:00:00
814,13277,Chất lượng không như mong đợi,2024-12-28 23:59:59
815,13286,Chất lượng không như mong đợi,2024-01-02 00:00:00
816,13287,Sản phẩm bị lỗi kỹ thuật,2024-03-03 00:00:00
817,13295,Sản phẩm không tương thích,2024-03-05 00:00:00
818,13298,Sản phẩm không đúng màu sắc,2024-12-27 23:59:59
819,13303,Sản phẩm bị lỗi kỹ thuật,2024-06-15 00:00:00
820,13318,Sản phẩm không đúng màu sắc,2023-11-23 00:00:00
821,13341,Sản phẩm không tương thích,2024-08-22 00:00:00
822,13348,Thay đổi quyết định mua hàng,2024-06-28 00:00:00
823,13352,Đặt nhầm sản phẩm,2023-09-04 00:00:00
824,13356,Không đúng mô tả,2024-06-01 00:00:00
825,13380,Sản phẩm không tương thích,2024-11-21 00:00:00
826,13400,Sản phẩm bị lỗi kỹ thuật,2023-09-03 00:00:00
827,13441,Không đúng mô tả,2023-09-09 00:00:00
828,13453,Thay đổi quyết định mua hàng,2023-04-03 00:00:00
829,13488,Thay đổi quyết định mua hàng,2024-04-02 00:00:00
830,13549,Sản phẩm không đúng màu sắc,2024-02-14 00:00:00
831,13560,Sản phẩm không tương thích,2024-12-27 23:59:59
832,13576,Hàng giao bị trầy xước,2024-12-02 00:00:00
833,13587,Đặt nhầm sản phẩm,2024-06-29 00:00:00
834,13621,Chất lượng không như mong đợi,2024-02-29 00:00:00
835,13625,Chất lượng không như mong đợi,2024-12-14 00:00:00
836,13633,Thay đổi quyết định mua hàng,2024-05-21 00:00:00
837,13640,Hàng giao bị trầy xước,2023-09-06 00:00:00
838,13642,Sản phẩm không đúng màu sắc,2024-10-12 00:00:00
839,13650,Hàng giao bị trầy xước,2023-11-11 00:00:00
840,13665,Sản phẩm không đúng màu sắc,2024-07-02 00:00:00
841,13666,Không đúng mô tả,2024-08-28 00:00:00
842,13730,Hàng giao bị trầy xước,2024-02-12 00:00:00
843,13739,Đặt nhầm sản phẩm,2024-02-24 00:00:00
844,13759,Chất lượng không như mong đợi,2024-01-25 00:00:00
845,13765,Chất lượng không như mong đợi,2024-12-24 00:00:00
846,13773,Sản phẩm bị lỗi kỹ thuật,2024-07-12 00:00:00
847,13788,Hàng giao bị trầy xước,2024-06-06 00:00:00
848,13789,Sản phẩm bị lỗi kỹ thuật,2024-10-02 00:00:00
849,13801,Không đúng mô tả,2024-12-02 00:00:00
850,13811,Sản phẩm không đúng màu sắc,2024-08-19 00:00:00
851,13837,Chất lượng không như mong đợi,2024-12-26 23:59:59
852,13842,Chất lượng không như mong đợi,2024-09-05 00:00:00
853,13849,Sản phẩm không đúng màu sắc,2024-09-15 00:00:00
854,13866,Sản phẩm không đúng màu sắc,2024-12-26 23:59:59
855,13872,Sản phẩm không đúng màu sắc,2024-10-17 00:00:00
856,13878,Không đúng mô tả,2024-07-25 00:00:00
857,13894,Hàng giao bị trầy xước,2024-06-05 00:00:00
858,13908,Chất lượng không như mong đợi,2024-08-12 00:00:00
859,13914,Sản phẩm không đúng màu sắc,2023-03-08 00:00:00
860,13936,Không đúng mô tả,2024-03-01 00:00:00
861,13945,Hàng giao bị trầy xước,2024-08-25 00:00:00
862,13948,Sản phẩm bị lỗi kỹ thuật,2024-10-22 00:00:00
863,13957,Sản phẩm bị lỗi kỹ thuật,2023-05-04 00:00:00
864,13973,Sản phẩm không đúng màu sắc,2023-11-23 00:00:00
865,13974,Đặt nhầm sản phẩm,2024-03-05 00:00:00
866,13986,Sản phẩm không đúng màu sắc,2023-06-10 00:00:00
867,14006,Sản phẩm không tương thích,2023-09-01 00:00:00
868,14061,Đặt nhầm sản phẩm,2024-10-06 00:00:00
869,14101,Hàng giao bị trầy xước,2024-04-03 00:00:00
870,14106,Thay đổi quyết định mua hàng,2023-12-06 00:00:00
871,14116,Sản phẩm không đúng màu sắc,2024-05-07 00:00:00
872,14125,Không đúng mô tả,2024-12-25 00:00:00
873,14148,Không đúng mô tả,2024-10-23 00:00:00
874,14171,Đặt nhầm sản phẩm,2024-07-07 00:00:00
875,14179,Đặt nhầm sản phẩm,2023-09-25 00:00:00
876,14180,Sản phẩm không đúng màu sắc,2024-03-24 00:00:00
877,14188,Đặt nhầm sản phẩm,2024-12-29 23:59:59
878,14211,Thay đổi quyết định mua hàng,2024-08-30 00:00:00
879,14235,Chất lượng không như mong đợi,2024-12-28 00:00:00
880,14253,Chất lượng không như mong đợi,2024-05-27 00:00:00
881,14279,Sản phẩm bị lỗi kỹ thuật,2024-07-15 00:00:00
882,14313,Không đúng mô tả,2024-12-15 00:00:00
883,14332,Sản phẩm không tương thích,2023-12-31 00:00:00
884,14345,Sản phẩm không tương thích,2024-12-18 00:00:00
885,14349,Không đúng mô tả,2024-07-02 00:00:00
886,14395,Thay đổi quyết định mua hàng,2023-07-24 00:00:00
887,14444,Chất lượng không như mong đợi,2024-12-10 00:00:00
888,14453,Sản phẩm không tương thích,2024-12-06 00:00:00
889,14457,Đặt nhầm sản phẩm,2024-07-11 00:00:00
890,14473,Hàng giao bị trầy xước,2024-02-17 00:00:00
891,14489,Hàng giao bị trầy xước,2024-07-10 00:00:00
892,14567,Sản phẩm không đúng màu sắc,2024-10-03 00:00:00
893,14584,Không đúng mô tả,2024-05-31 00:00:00
894,14589,Đặt nhầm sản phẩm,2024-12-22 00:00:00
895,14623,Sản phẩm không tương thích,2024-07-08 00:00:00
896,14624,Chất lượng không như mong đợi,2024-08-09 00:00:00
897,14641,Đặt nhầm sản phẩm,2024-07-01 00:00:00
898,14653,Thay đổi quyết định mua hàng,2023-08-10 00:00:00
899,14654,Chất lượng không như mong đợi,2023-09-22 00:00:00
900,14681,Đặt nhầm sản phẩm,2024-07-13 00:00:00
901,14725,Chất lượng không như mong đợi,2024-06-28 00:00:00
902,14734,Thay đổi quyết định mua hàng,2023-05-26 00:00:00
903,14752,Sản phẩm bị lỗi kỹ thuật,2024-07-20 00:00:00
904,14762,Không đúng mô tả,2023-12-13 00:00:00
905,14804,Thay đổi quyết định mua hàng,2024-07-05 00:00:00
906,14823,Không đúng mô tả,2024-04-09 00:00:00
907,14824,Không đúng mô tả,2024-05-15 00:00:00
908,14834,Đặt nhầm sản phẩm,2024-10-29 00:00:00
909,14849,Sản phẩm không đúng màu sắc,2024-12-26 00:00:00
910,14854,Không đúng mô tả,2024-11-24 00:00:00
911,14860,Sản phẩm không tương thích,2023-05-21 00:00:00
912,14869,Chất lượng không như mong đợi,2024-07-21 00:00:00
913,14874,Sản phẩm không tương thích,2024-10-10 00:00:00
914,14889,Sản phẩm không đúng màu sắc,2024-10-10 00:00:00
915,14898,Sản phẩm không tương thích,2024-11-29 00:00:00
916,14903,Hàng giao bị trầy xước,2023-11-25 00:00:00
917,14920,Không đúng mô tả,2024-09-23 00:00:00
918,14933,Không đúng mô tả,2024-01-20 00:00:00
919,14952,Không đúng mô tả,2023-12-18 00:00:00
920,14997,Sản phẩm không đúng màu sắc,2023-09-24 00:00:00
921,15041,Sản phẩm không tương thích,2024-01-30 00:00:00
922,15064,Chất lượng không như mong đợi,2024-12-30 00:00:00
923,15104,Đặt nhầm sản phẩm,2024-06-23 00:00:00
924,15107,Hàng giao bị trầy xước,2023-07-18 00:00:00
925,15118,Chất lượng không như mong đợi,2024-05-01 00:00:00
926,15127,Đặt nhầm sản phẩm,2023-12-11 00:00:00
927,15135,Đặt nhầm sản phẩm,2024-06-13 00:00:00
928,15138,Thay đổi quyết định mua hàng,2024-12-29 23:59:59
929,15140,Sản phẩm không tương thích,2023-11-10 00:00:00
930,15143,Sản phẩm không tương thích,2024-07-08 00:00:00
931,15165,Sản phẩm không đúng màu sắc,2024-05-05 00:00:00
932,15180,Sản phẩm không tương thích,2024-06-08 00:00:00
933,15185,Sản phẩm không đúng màu sắc,2024-08-06 00:00:00
934,15199,Sản phẩm bị lỗi kỹ thuật,2024-10-24 00:00:00
935,15202,Không đúng mô tả,2023-12-10 00:00:00
936,15206,Không đúng mô tả,2024-05-05 00:00:00
937,15240,Sản phẩm bị lỗi kỹ thuật,2024-10-21 00:00:00
938,15244,Không đúng mô tả,2024-01-15 00:00:00
939,15247,Sản phẩm bị lỗi kỹ thuật,2024-08-31 00:00:00
940,15272,Đặt nhầm sản phẩm,2023-10-22 00:00:00
941,15306,Chất lượng không như mong đợi,2024-09-08 00:00:00
942,15321,Thay đổi quyết định mua hàng,2024-12-15 00:00:00
943,15324,Đặt nhầm sản phẩm,2024-04-06 00:00:00
944,15329,Hàng giao bị trầy xước,2024-09-23 00:00:00
945,15342,Hàng giao bị trầy xước,2024-09-07 00:00:00
946,15370,Sản phẩm không tương thích,2024-04-14 00:00:00
947,15381,Chất lượng không như mong đợi,2023-08-06 00:00:00
948,15385,Chất lượng không như mong đợi,2024-09-01 00:00:00
949,15402,Thay đổi quyết định mua hàng,2023-04-27 00:00:00
950,15407,Không đúng mô tả,2024-12-09 00:00:00
951,15465,Sản phẩm không tương thích,2023-08-20 00:00:00
952,15472,Đặt nhầm sản phẩm,2023-06-07 00:00:00
953,15483,Sản phẩm không đúng màu sắc,2023-11-27 00:00:00
954,15495,Không đúng mô tả,2024-12-11 00:00:00
955,15513,Hàng giao bị trầy xước,2024-07-10 00:00:00
956,15514,Không đúng mô tả,2024-10-10 00:00:00
957,15545,Hàng giao bị trầy xước,2024-08-16 00:00:00
958,15586,Chất lượng không như mong đợi,2024-02-03 00:00:00
959,15600,Chất lượng không như mong đợi,2024-10-14 00:00:00
960,15621,Sản phẩm không đúng màu sắc,2024-05-25 00:00:00
961,15622,Chất lượng không như mong đợi,2024-10-14 00:00:00
962,15623,Thay đổi quyết định mua hàng,2024-12-26 23:59:59
963,15638,Thay đổi quyết định mua hàng,2024-09-15 00:00:00
964,15643,Thay đổi quyết định mua hàng,2023-10-06 00:00:00
965,15655,Sản phẩm không tương thích,2024-12-07 00:00:00
966,15662,Không đúng mô tả,2024-07-21 00:00:00
967,15691,Thay đổi quyết định mua hàng,2023-08-05 00:00:00
968,15733,Sản phẩm bị lỗi kỹ thuật,2024-02-03 00:00:00
969,15738,Hàng giao bị trầy xước,2024-12-28 23:59:59
970,15743,Thay đổi quyết định mua hàng,2024-03-01 00:00:00
971,15749,Sản phẩm không tương thích,2024-12-05 00:00:00
972,15751,Chất lượng không như mong đợi,2024-08-07 00:00:00
973,15774,Hàng giao bị trầy xước,2024-08-31 00:00:00
974,15780,Sản phẩm không đúng màu sắc,2023-12-21 00:00:00
975,15800,Không đúng mô tả,2024-05-22 00:00:00
976,15816,Chất lượng không như mong đợi,2023-06-22 00:00:00
977,15819,Sản phẩm không tương thích,2024-07-01 00:00:00
978,15833,Hàng giao bị trầy xước,2023-07-01 00:00:00
979,15834,Sản phẩm bị lỗi kỹ thuật,2023-08-24 00:00:00
980,15852,Sản phẩm không tương thích,2024-06-26 00:00:00
981,15862,Không đúng mô tả,2024-12-15 00:00:00
982,15881,Hàng giao bị trầy xước,2024-02-07 00:00:00
983,15915,Hàng giao bị trầy xước,2024-06-09 00:00:00
984,15923,Đặt nhầm sản phẩm,2024-12-27 23:59:59
985,15929,Sản phẩm không đúng màu sắc,2024-02-01 00:00:00
986,15935,Đặt nhầm sản phẩm,2024-09-12 00:00:00
987,15941,Đặt nhầm sản phẩm,2024-08-05 00:00:00
988,15954,Hàng giao bị trầy xước,2024-12-28 23:59:59
989,15960,Sản phẩm không đúng màu sắc,2023-11-13 00:00:00
990,15963,Sản phẩm không đúng màu sắc,2024-08-21 00:00:00
991,15974,Đặt nhầm sản phẩm,2023-11-13 00:00:00
992,16006,Sản phẩm không tương thích,2023-05-19 00:00:00
993,16013,Hàng giao bị trầy xước,2024-03-21 00:00:00
994,16015,Không đúng mô tả,2024-12-03 00:00:00
995,16057,Sản phẩm không đúng màu sắc,2024-02-12 00:00:00
996,16063,Không đúng mô tả,2023-02-18 00:00:00
997,16069,Sản phẩm không đúng màu sắc,2024-09-20 00:00:00
998,16095,Đặt nhầm sản phẩm,2024-11-21 00:00:00
999,16116,Chất lượng không như mong đợi,2024-11-19 00:00:00
1000,16167,Hàng giao bị trầy xước,2024-05-13 00:00:00
1001,16177,Sản phẩm không đúng màu sắc,2023-07-08 00:00:00
1002,16202,Sản phẩm không tương thích,2024-12-21 00:00:00
1003,16205,Đặt nhầm sản phẩm,2024-07-08 00:00:00
1004,16212,Thay đổi quyết định mua hàng,2023-08-24 00:00:00
1005,16217,Sản phẩm không đúng màu sắc,2024-12-20 00:00:00
1006,16219,Sản phẩm bị lỗi kỹ thuật,2024-07-25 00:00:00
1007,16224,Sản phẩm không đúng màu sắc,2023-06-22 00:00:00
1008,16226,Sản phẩm bị lỗi kỹ thuật,2023-11-08 00:00:00
1009,16234,Không đúng mô tả,2024-11-03 00:00:00
1010,16243,Sản phẩm bị lỗi kỹ thuật,2024-09-11 00:00:00
1011,16266,Thay đổi quyết định mua hàng,2024-11-11 00:00:00
1012,16299,Đặt nhầm sản phẩm,2024-11-19 00:00:00
1013,16320,Sản phẩm bị lỗi kỹ thuật,2024-10-10 00:00:00
1014,16347,Hàng giao bị trầy xước,2024-04-10 00:00:00
1015,16367,Hàng giao bị trầy xước,2024-10-20 00:00:00
1016,16370,Sản phẩm bị lỗi kỹ thuật,2024-04-25 00:00:00
1017,16371,Chất lượng không như mong đợi,2024-09-02 00:00:00
1018,16393,Sản phẩm không đúng màu sắc,2023-08-01 00:00:00
1019,16395,Đặt nhầm sản phẩm,2023-12-03 00:00:00
1020,16447,Hàng giao bị trầy xước,2024-06-11 00:00:00
1021,16454,Không đúng mô tả,2024-03-02 00:00:00
1022,16468,Đặt nhầm sản phẩm,2023-02-18 00:00:00
1023,16472,Hàng giao bị trầy xước,2024-02-27 00:00:00
1024,16520,Hàng giao bị trầy xước,2023-07-10 00:00:00
1025,16522,Sản phẩm không tương thích,2024-03-11 00:00:00
1026,16547,Hàng giao bị trầy xước,2024-11-10 00:00:00
1027,16571,Sản phẩm không tương thích,2024-10-24 00:00:00
1028,16601,Sản phẩm không tương thích,2024-08-07 00:00:00
1029,16613,Sản phẩm bị lỗi kỹ thuật,2023-12-21 00:00:00
1030,16615,Sản phẩm bị lỗi kỹ thuật,2024-06-03 00:00:00
1031,16623,Thay đổi quyết định mua hàng,2024-12-30 23:59:59
1032,16647,Hàng giao bị trầy xước,2024-07-27 00:00:00
1033,16649,Sản phẩm bị lỗi kỹ thuật,2024-12-17 00:00:00
1034,16652,Sản phẩm không đúng màu sắc,2024-04-27 00:00:00
1035,16663,Không đúng mô tả,2024-08-18 00:00:00
1036,16699,Chất lượng không như mong đợi,2024-12-21 00:00:00
1037,16702,Sản phẩm bị lỗi kỹ thuật,2024-12-30 23:59:59
1038,16713,Thay đổi quyết định mua hàng,2024-07-14 00:00:00
1039,16725,Sản phẩm không tương thích,2023-12-04 00:00:00
1040,16749,Thay đổi quyết định mua hàng,2024-05-23 00:00:00
1041,16777,Sản phẩm không tương thích,2024-12-03 00:00:00
1042,16781,Không đúng mô tả,2024-11-12 00:00:00
1043,16782,Hàng giao bị trầy xước,2024-12-27 23:59:59
1044,16818,Hàng giao bị trầy xước,2024-02-14 00:00:00
1045,16827,Chất lượng không như mong đợi,2024-11-09 00:00:00
1046,16852,Không đúng mô tả,2023-09-12 00:00:00
1047,16886,Đặt nhầm sản phẩm,2024-01-24 00:00:00
1048,16896,Chất lượng không như mong đợi,2024-11-07 00:00:00
1049,16952,Hàng giao bị trầy xước,2024-12-25 00:00:00
1050,16975,Không đúng mô tả,2023-08-08 00:00:00
1051,16985,Không đúng mô tả,2024-05-17 00:00:00
1052,16986,Đặt nhầm sản phẩm,2024-08-06 00:00:00
1053,16995,Sản phẩm không đúng màu sắc,2024-12-27 23:59:59
1054,16997,Sản phẩm không đúng màu sắc,2024-11-18 00:00:00
1055,17018,Sản phẩm không đúng màu sắc,2024-11-08 00:00:00
1056,17023,Sản phẩm không đúng màu sắc,2023-04-19 00:00:00
1057,17034,Thay đổi quyết định mua hàng,2024-06-17 00:00:00
1058,17035,Sản phẩm không tương thích,2024-10-08 00:00:00
1059,17038,Sản phẩm không tương thích,2023-11-04 00:00:00
1060,17044,Chất lượng không như mong đợi,2024-09-30 00:00:00
1061,17059,Không đúng mô tả,2024-01-18 00:00:00
1062,17066,Không đúng mô tả,2024-11-24 00:00:00
1063,17073,Thay đổi quyết định mua hàng,2023-11-05 00:00:00
1064,17080,Sản phẩm không tương thích,2024-12-19 00:00:00
1065,17087,Chất lượng không như mong đợi,2024-09-17 00:00:00
1066,17116,Hàng giao bị trầy xước,2024-12-29 00:00:00
1067,17124,Sản phẩm không tương thích,2024-04-30 00:00:00
1068,17161,Sản phẩm không tương thích,2024-03-10 00:00:00
1069,17168,Hàng giao bị trầy xước,2024-01-14 00:00:00
1070,17186,Sản phẩm không tương thích,2024-06-07 00:00:00
1071,17248,Thay đổi quyết định mua hàng,2023-06-28 00:00:00
1072,17272,Đặt nhầm sản phẩm,2024-12-31 00:00:00
1073,17276,Hàng giao bị trầy xước,2024-03-01 00:00:00
1074,17288,Hàng giao bị trầy xước,2023-12-28 00:00:00
1075,17291,Sản phẩm bị lỗi kỹ thuật,2024-06-10 00:00:00
1076,17311,Chất lượng không như mong đợi,2023-09-02 00:00:00
1077,17330,Chất lượng không như mong đợi,2024-08-06 00:00:00
1078,17375,Thay đổi quyết định mua hàng,2024-11-29 00:00:00
1079,17396,Đặt nhầm sản phẩm,2023-05-06 00:00:00
1080,17415,Chất lượng không như mong đợi,2023-08-08 00:00:00
1081,17418,Sản phẩm không tương thích,2024-08-27 00:00:00
1082,17497,Thay đổi quyết định mua hàng,2024-07-14 00:00:00
1083,17532,Không đúng mô tả,2024-10-20 00:00:00
1084,17555,Đặt nhầm sản phẩm,2024-04-11 00:00:00
1085,17560,Sản phẩm không tương thích,2024-05-27 00:00:00
1086,17566,Chất lượng không như mong đợi,2023-09-09 00:00:00
1087,17604,Thay đổi quyết định mua hàng,2024-03-20 00:00:00
1088,17626,Chất lượng không như mong đợi,2023-07-20 00:00:00
1089,17634,Không đúng mô tả,2024-05-31 00:00:00
1090,17638,Sản phẩm bị lỗi kỹ thuật,2024-04-18 00:00:00
1091,17673,Đặt nhầm sản phẩm,2023-09-08 00:00:00
1092,17733,Không đúng mô tả,2023-08-02 00:00:00
1093,17744,Hàng giao bị trầy xước,2024-05-05 00:00:00
1094,17774,Sản phẩm không tương thích,2024-04-25 00:00:00
1095,17779,Chất lượng không như mong đợi,2024-01-17 00:00:00
1096,17784,Thay đổi quyết định mua hàng,2023-08-21 00:00:00
1097,17825,Sản phẩm bị lỗi kỹ thuật,2023-05-21 00:00:00
1098,17832,Không đúng mô tả,2024-03-18 00:00:00
1099,17847,Sản phẩm không đúng màu sắc,2024-01-19 00:00:00
1100,17850,Không đúng mô tả,2024-12-26 23:59:59
1101,17867,Sản phẩm bị lỗi kỹ thuật,2023-12-12 00:00:00
1102,17876,Không đúng mô tả,2024-12-12 00:00:00
1103,17878,Sản phẩm không tương thích,2024-12-10 00:00:00
1104,17885,Đặt nhầm sản phẩm,2023-08-24 00:00:00
1105,17910,Sản phẩm không tương thích,2024-07-29 00:00:00
1106,17920,Thay đổi quyết định mua hàng,2024-11-19 00:00:00
1107,17926,Sản phẩm không đúng màu sắc,2024-07-20 00:00:00
1108,17945,Sản phẩm không đúng màu sắc,2023-08-21 00:00:00
1109,17970,Hàng giao bị trầy xước,2024-08-16 00:00:00
1110,17974,Sản phẩm không đúng màu sắc,2023-10-23 00:00:00
1111,17992,Đặt nhầm sản phẩm,2024-11-07 00:00:00
1112,18001,Sản phẩm không tương thích,2023-07-13 00:00:00
1113,18013,Sản phẩm không đúng màu sắc,2024-09-04 00:00:00
1114,18014,Sản phẩm không đúng màu sắc,2024-12-21 00:00:00
1115,18016,Thay đổi quyết định mua hàng,2023-04-06 00:00:00
1116,18033,Thay đổi quyết định mua hàng,2023-05-11 00:00:00
1117,18053,Đặt nhầm sản phẩm,2024-10-30 00:00:00
1118,18057,Sản phẩm bị lỗi kỹ thuật,2024-06-11 00:00:00
1119,18058,Không đúng mô tả,2024-11-14 00:00:00
1120,18104,Đặt nhầm sản phẩm,2023-07-25 00:00:00
1121,18106,Sản phẩm bị lỗi kỹ thuật,2024-03-17 00:00:00
1122,18132,Hàng giao bị trầy xước,2024-07-04 00:00:00
1123,18140,Không đúng mô tả,2024-07-21 00:00:00
1124,18155,Thay đổi quyết định mua hàng,2024-02-26 00:00:00
1125,18158,Đặt nhầm sản phẩm,2024-12-30 23:59:59
1126,18164,Chất lượng không như mong đợi,2024-12-27 23:59:59
1127,18173,Đặt nhầm sản phẩm,2023-12-29 00:00:00
1128,18232,Sản phẩm không tương thích,2024-02-10 00:00:00
1129,18265,Thay đổi quyết định mua hàng,2023-10-17 00:00:00
1130,18302,Chất lượng không như mong đợi,2024-04-13 00:00:00
1131,18314,Sản phẩm bị lỗi kỹ thuật,2024-01-18 00:00:00
1132,18334,Chất lượng không như mong đợi,2023-06-14 00:00:00
1133,18340,Không đúng mô tả,2024-12-07 00:00:00
1134,18423,Thay đổi quyết định mua hàng,2024-08-13 00:00:00
1135,18470,Sản phẩm không đúng màu sắc,2024-12-17 00:00:00
1136,18472,Sản phẩm bị lỗi kỹ thuật,2023-09-18 00:00:00
1137,18478,Sản phẩm không tương thích,2024-12-26 23:59:59
1138,18480,Thay đổi quyết định mua hàng,2024-11-24 00:00:00
1139,18489,Hàng giao bị trầy xước,2024-12-30 00:00:00
1140,18522,Hàng giao bị trầy xước,2023-12-22 00:00:00
1141,18558,Không đúng mô tả,2024-08-12 00:00:00
1142,18593,Đặt nhầm sản phẩm,2024-10-10 00:00:00
1143,18607,Chất lượng không như mong đợi,2024-06-13 00:00:00
1144,18611,Sản phẩm không đúng màu sắc,2024-03-02 00:00:00
1145,18623,Sản phẩm bị lỗi kỹ thuật,2024-12-12 00:00:00
1146,18655,Đặt nhầm sản phẩm,2024-03-04 00:00:00
1147,18737,Thay đổi quyết định mua hàng,2024-12-30 00:00:00
1148,18742,Sản phẩm không tương thích,2024-10-19 00:00:00
1149,18743,Chất lượng không như mong đợi,2024-12-27 23:59:59
1150,18758,Sản phẩm không tương thích,2024-03-10 00:00:00
1151,18780,Hàng giao bị trầy xước,2024-07-17 00:00:00
1152,18805,Thay đổi quyết định mua hàng,2023-09-29 00:00:00
1153,18842,Hàng giao bị trầy xước,2023-05-15 00:00:00
1154,18848,Sản phẩm không tương thích,2024-12-15 00:00:00
1155,18884,Sản phẩm không tương thích,2024-03-03 00:00:00
1156,18904,Không đúng mô tả,2024-11-17 00:00:00
1157,18915,Thay đổi quyết định mua hàng,2023-07-19 00:00:00
1158,18927,Sản phẩm bị lỗi kỹ thuật,2023-02-01 00:00:00
1159,18977,Chất lượng không như mong đợi,2024-04-10 00:00:00
1160,19009,Không đúng mô tả,2023-09-30 00:00:00
1161,19012,Sản phẩm không tương thích,2024-08-17 00:00:00
1162,19057,Không đúng mô tả,2024-12-20 00:00:00
1163,19061,Không đúng mô tả,2024-11-16 00:00:00
1164,19064,Hàng giao bị trầy xước,2024-12-07 00:00:00
1165,19067,Chất lượng không như mong đợi,2023-12-10 00:00:00
1166,19068,Sản phẩm không tương thích,2024-04-03 00:00:00
1167,19073,Sản phẩm không tương thích,2023-09-14 00:00:00
1168,19100,Hàng giao bị trầy xước,2023-08-09 00:00:00
1169,19102,Sản phẩm bị lỗi kỹ thuật,2024-02-03 00:00:00
1170,19104,Không đúng mô tả,2024-07-16 00:00:00
1171,19110,Không đúng mô tả,2024-10-12 00:00:00
1172,19133,Sản phẩm không đúng màu sắc,2024-11-14 00:00:00
1173,19147,Sản phẩm không đúng màu sắc,2024-07-13 00:00:00
1174,19157,Chất lượng không như mong đợi,2023-06-13 00:00:00
1175,19178,Hàng giao bị trầy xước,2024-09-18 00:00:00
1176,19183,Sản phẩm không đúng màu sắc,2024-11-11 00:00:00
1177,19232,Hàng giao bị trầy xước,2024-11-05 00:00:00
1178,19267,Sản phẩm không đúng màu sắc,2024-04-13 00:00:00
1179,19269,Thay đổi quyết định mua hàng,2024-07-22 00:00:00
1180,19271,Chất lượng không như mong đợi,2024-11-17 00:00:00
1181,19277,Không đúng mô tả,2024-12-29 23:59:59
1182,19299,Sản phẩm không đúng màu sắc,2023-07-27 00:00:00
1183,19304,Thay đổi quyết định mua hàng,2024-12-24 00:00:00
1184,19305,Đặt nhầm sản phẩm,2024-01-16 00:00:00
1185,19328,Không đúng mô tả,2023-11-08 00:00:00
1186,19355,Sản phẩm không tương thích,2024-09-28 00:00:00
1187,19369,Sản phẩm không đúng màu sắc,2024-12-28 23:59:59
1188,19376,Sản phẩm bị lỗi kỹ thuật,2023-10-27 00:00:00
1189,19408,Đặt nhầm sản phẩm,2024-05-15 00:00:00
1190,19435,Đặt nhầm sản phẩm,2023-09-13 00:00:00
1191,19436,Sản phẩm bị lỗi kỹ thuật,2023-12-06 00:00:00
1192,19470,Sản phẩm không tương thích,2023-10-21 00:00:00
1193,19520,Sản phẩm bị lỗi kỹ thuật,2024-12-28 23:59:59
1194,19523,Chất lượng không như mong đợi,2024-03-21 00:00:00
1195,19551,Sản phẩm không tương thích,2024-11-23 00:00:00
1196,19555,Hàng giao bị trầy xước,2024-08-12 00:00:00
1197,19558,Không đúng mô tả,2023-03-24 00:00:00
1198,19580,Sản phẩm bị lỗi kỹ thuật,2023-05-19 00:00:00
1199,19590,Hàng giao bị trầy xước,2024-12-28 23:59:59
1200,19600,Thay đổi quyết định mua hàng,2024-11-28 00:00:00
1201,19605,Không đúng mô tả,2024-10-08 00:00:00
1202,19622,Đặt nhầm sản phẩm,2024-10-02 00:00:00
1203,19624,Đặt nhầm sản phẩm,2023-03-03 00:00:00
1204,19670,Đặt nhầm sản phẩm,2024-12-17 00:00:00
1205,19686,Đặt nhầm sản phẩm,2024-02-25 00:00:00
1206,19691,Không đúng mô tả,2024-01-01 00:00:00
1207,19696,Sản phẩm không tương thích,2023-12-20 00:00:00
1208,19719,Hàng giao bị trầy xước,2024-03-09 00:00:00
1209,19726,Sản phẩm bị lỗi kỹ thuật,2024-10-10 00:00:00
1210,19785,Sản phẩm không đúng màu sắc,2023-12-31 00:00:00
1211,19788,Không đúng mô tả,2024-12-26 23:59:59
1212,19821,Chất lượng không như mong đợi,2024-10-23 00:00:00
1213,19842,Sản phẩm không đúng màu sắc,2023-07-14 00:00:00
1214,19923,Chất lượng không như mong đợi,2023-10-11 00:00:00
1215,19925,Chất lượng không như mong đợi,2024-07-03 00:00:00
1216,19933,Chất lượng không như mong đợi,2024-08-03 00:00:00
1217,19949,Sản phẩm bị lỗi kỹ thuật,2024-12-28 23:59:59
1218,19960,Chất lượng không như mong đợi,2024-07-10 00:00:00
1219,20002,Sản phẩm không đúng màu sắc,2024-08-06 00:00:00
1220,20005,Không đúng mô tả,2024-02-07 00:00:00
1221,20008,Sản phẩm bị lỗi kỹ thuật,2024-12-11 00:00:00
1222,20019,Sản phẩm không tương thích,2024-11-23 00:00:00
1223,20025,Hàng giao bị trầy xước,2024-10-21 00:00:00
1224,20079,Sản phẩm không tương thích,2024-05-12 00:00:00
1225,20082,Sản phẩm không tương thích,2024-12-25 00:00:00
1226,20083,Sản phẩm không tương thích,2024-01-06 00:00:00
1227,20092,Đặt nhầm sản phẩm,2024-11-28 00:00:00
1228,20094,Sản phẩm không đúng màu sắc,2023-12-22 00:00:00
1229,20111,Thay đổi quyết định mua hàng,2024-11-10 00:00:00
1230,20112,Sản phẩm không đúng màu sắc,2024-12-29 00:00:00
1231,20172,Hàng giao bị trầy xước,2024-10-02 00:00:00
1232,20202,Không đúng mô tả,2024-08-08 00:00:00
1233,20227,Sản phẩm không tương thích,2024-05-31 00:00:00
1234,20264,Sản phẩm không đúng màu sắc,2024-09-01 00:00:00
1235,20314,Hàng giao bị trầy xước,2023-02-26 00:00:00
1236,20327,Đặt nhầm sản phẩm,2024-12-22 00:00:00
1237,20340,Sản phẩm bị lỗi kỹ thuật,2024-12-30 23:59:59
1238,20342,Sản phẩm bị lỗi kỹ thuật,2024-10-07 00:00:00
1239,20426,Sản phẩm bị lỗi kỹ thuật,2024-12-06 00:00:00
1240,20436,Sản phẩm không đúng màu sắc,2024-12-28 23:59:59
1241,20442,Thay đổi quyết định mua hàng,2024-02-18 00:00:00
1242,20447,Sản phẩm bị lỗi kỹ thuật,2023-02-08 00:00:00
1243,20470,Sản phẩm bị lỗi kỹ thuật,2024-09-05 00:00:00
1244,20479,Sản phẩm không đúng màu sắc,2024-11-22 00:00:00
1245,20497,Không đúng mô tả,2024-10-15 00:00:00
1246,20506,Chất lượng không như mong đợi,2023-11-12 00:00:00
1247,20595,Sản phẩm không tương thích,2024-12-27 23:59:59
1248,20600,Chất lượng không như mong đợi,2023-07-08 00:00:00
1249,20604,Không đúng mô tả,2024-03-10 00:00:00
1250,20630,Không đúng mô tả,2023-09-24 00:00:00
1251,20693,Hàng giao bị trầy xước,2024-08-04 00:00:00
1252,20715,Sản phẩm không đúng màu sắc,2024-12-29 23:59:59
1253,20740,Sản phẩm không đúng màu sắc,2024-02-02 00:00:00
1254,20743,Sản phẩm không đúng màu sắc,2024-10-12 00:00:00
1255,20766,Không đúng mô tả,2024-10-29 00:00:00
1256,20772,Sản phẩm bị lỗi kỹ thuật,2024-08-27 00:00:00
1257,20791,Không đúng mô tả,2024-12-29 00:00:00
1258,20844,Hàng giao bị trầy xước,2024-10-04 00:00:00
1259,20845,Đặt nhầm sản phẩm,2024-11-10 00:00:00
1260,20862,Sản phẩm không đúng màu sắc,2024-05-01 00:00:00
1261,20908,Thay đổi quyết định mua hàng,2024-03-22 00:00:00
1262,20913,Thay đổi quyết định mua hàng,2023-12-11 00:00:00
1263,20924,Sản phẩm bị lỗi kỹ thuật,2023-08-29 00:00:00
1264,20927,Sản phẩm không tương thích,2024-08-20 00:00:00
1265,20975,Đặt nhầm sản phẩm,2024-03-04 00:00:00
1266,21004,Hàng giao bị trầy xước,2024-12-19 00:00:00
1267,21021,Hàng giao bị trầy xước,2024-09-01 00:00:00
1268,21040,Sản phẩm không đúng màu sắc,2024-12-24 00:00:00
1269,21052,Sản phẩm bị lỗi kỹ thuật,2024-11-04 00:00:00
1270,21082,Sản phẩm không đúng màu sắc,2023-02-05 00:00:00
1271,21085,Đặt nhầm sản phẩm,2023-10-27 00:00:00
1272,21093,Hàng giao bị trầy xước,2023-05-02 00:00:00
1273,21105,Thay đổi quyết định mua hàng,2024-12-30 23:59:59
1274,21111,Đặt nhầm sản phẩm,2023-08-19 00:00:00
1275,21115,Thay đổi quyết định mua hàng,2024-11-09 00:00:00
1276,21135,Chất lượng không như mong đợi,2024-05-25 00:00:00
1277,21167,Chất lượng không như mong đợi,2024-12-14 00:00:00
1278,21179,Chất lượng không như mong đợi,2024-09-09 00:00:00
1279,21212,Sản phẩm không đúng màu sắc,2024-02-16 00:00:00
1280,21218,Không đúng mô tả,2024-06-03 00:00:00
1281,21258,Thay đổi quyết định mua hàng,2024-07-15 00:00:00
1282,21282,Chất lượng không như mong đợi,2024-10-10 00:00:00
1283,21311,Sản phẩm bị lỗi kỹ thuật,2023-09-03 00:00:00
1284,21340,Sản phẩm bị lỗi kỹ thuật,2024-03-12 00:00:00
1285,21352,Sản phẩm không tương thích,2023-12-17 00:00:00
1286,21371,Thay đổi quyết định mua hàng,2024-12-27 23:59:59
1287,21413,Thay đổi quyết định mua hàng,2023-04-27 00:00:00
1288,21416,Sản phẩm không tương thích,2023-08-22 00:00:00
